Image,Id
965b8ad9a.jpg,w_1759e4e
cc942ecf7.jpg,w_8284c0b
fb9eec37c.jpg,w_38c8a8d
aa5331a49.jpg,w_0292e15
c7df9f45f.jpg,w_c61a67b
ab52c209d.jpg,w_7d5a3b0
72b562bb6.jpg,w_b3c3fa5
739f80106.jpg,w_68eaf36
24687d4e7.jpg,w_abc82c3
f34d68be7.jpg,w_99af1a9
b0d7328b1.jpg,w_9ad05a6
160c93823.jpg,w_4e87672
766e77e61.jpg,w_19fb122
34610e969.jpg,w_9ddb645
6e53a4303.jpg,w_98f2705
35d66a26d.jpg,w_16dba74
72da92cd8.jpg,w_7547b9a
129f0f5d9.jpg,w_2059146
d60be4a67.jpg,w_55b77ce
5d219277f.jpg,w_4c2af2c
ca9776192.jpg,w_fe87282
a06dd4488.jpg,w_8d33cf5
9621ab4b3.jpg,w_a41147a
2989535a1.jpg,w_1ccd2a1
0fd184af3.jpg,w_4bf625b
7ee268936.jpg,w_799b208
96e69e8ea.jpg,w_be3f623
85450ef23.jpg,w_329c19c
432e4a2c3.jpg,w_3f44881
5d38bb942.jpg,w_3278209
6f85b6636.jpg,w_bc101a3
cd26576ee.jpg,w_40a1403
f694ac18b.jpg,w_02ff6d6
39f7f7e41.jpg,w_88b2b19
3dec9c764.jpg,w_84a32d1
ad5fff4cb.jpg,w_1082fdc
5d0643a85.jpg,w_6b155e9
0d51b612f.jpg,w_b397217
ff0ee474f.jpg,w_8d4c9f7
7616ee622.jpg,w_5a9abcf
14d826fdd.jpg,w_88aca21
448614137.jpg,w_47098f8
d4cec1af8.jpg,w_ad3a043
748e4d285.jpg,w_5a49beb
37f214f08.jpg,w_96f027d
10ff327a5.jpg,w_b4841bd
772e2102b.jpg,w_da011a1
780c39038.jpg,w_7edfc70
cc09cc9c1.jpg,w_57db059
3b240baf8.jpg,w_d04bca1
008124524.jpg,w_8a235b6
b0f2dec2e.jpg,w_b17471a
6734804ac.jpg,w_f128a4d
6f5810db7.jpg,w_7c5fa3c
720b710fa.jpg,w_6e6307e
382564f30.jpg,w_74ec366
71bff494b.jpg,w_e3c4772
7bae8da72.jpg,w_fa2ec89
5e84781dd.jpg,w_85d9229
90eafddab.jpg,w_4ac340b
13ab980b8.jpg,w_1932830
21ee9f136.jpg,w_1b51678
1671dcbe0.jpg,w_f57140c
20314b96a.jpg,w_1dc7d3a
042870651.jpg,w_85b252c
ccc8b9170.jpg,w_ab629bb
1ff9a9a3b.jpg,w_e8b82f6
5f79edcaa.jpg,w_550ca18
122f497db.jpg,w_4b143db
5afaf2ffd.jpg,w_f4a9357
8fcdb5138.jpg,w_cee684e
4ed753dd7.jpg,w_f391bb0
f905da1c7.jpg,w_902f8b0
32a11d84f.jpg,w_6beaa7d
2ea3aee6b.jpg,w_c684a38
6d25fc01b.jpg,w_cf8cd88
6096eddbf.jpg,w_8f424c5
667ba845d.jpg,w_3f93ee8
346010788.jpg,w_33fccbe
04eb3829e.jpg,w_9748a78
e5ceccbe6.jpg,w_eddd5b4
505711f17.jpg,w_89a0473
57383d4b3.jpg,w_8193215
7b0f7a9d6.jpg,w_9d95dee
d01a37cee.jpg,w_480d478
3e121c877.jpg,w_e798363
bab4862a6.jpg,w_bec9c95
a60a3496e.jpg,w_29af733
48b0cb4db.jpg,w_f13f7b3
68702eff2.jpg,w_dcd9088
0a2af3c79.jpg,w_a2158b8
bdbde05e7.jpg,w_ccc26ea
8b842c4aa.jpg,w_3dd4346
7fd2e89ad.jpg,w_5e2589b
a51fdb475.jpg,w_0a2e1ef
20fdb18c9.jpg,w_94af7fd
689f67e15.jpg,w_16f4e1e
429ffd552.jpg,w_f24a55c
596ed9430.jpg,w_89f6097
9c3ee0961.jpg,w_57abc0f
0e93bf7e4.jpg,w_1f7c696
1d167d23b.jpg,w_f9eb808
ba32d3ec7.jpg,w_b48ce14
14d01bec5.jpg,w_1fe6c6e
34082931d.jpg,w_5821157
f94bc6e92.jpg,w_f829227
3fcf9689c.jpg,w_df5bf3d
49f92915d.jpg,w_0323574
44cf487a0.jpg,w_bdb3a05
0016b897a.jpg,w_64404ac
267fa93df.jpg,w_3d834ed
c97253a38.jpg,w_c63fd83
0da56669d.jpg,w_dc642b6
434117dc5.jpg,w_f9112ac
596f341e5.jpg,w_234713b
545874c14.jpg,w_1f0cf0a
191fcb67f.jpg,w_169a302
8db38a218.jpg,w_df34804
9d2027918.jpg,w_7f0d18a
97cc66adf.jpg,w_eb3f1ff
ea925b05b.jpg,w_30f2f0f
3a9d7dd62.jpg,w_760c469
960d375bf.jpg,w_568e9fd
893c0b0cf.jpg,w_fc10c15
712ac8d5c.jpg,w_b60ef24
1244ce135.jpg,w_3aa8e97
95fdf5246.jpg,w_fe59266
396d5a374.jpg,w_eacf981
d38efaec9.jpg,w_8af65ed
e542da67f.jpg,w_0f8b8e2
03ef29298.jpg,w_a87ec7e
3e57ce151.jpg,w_fb02461
702ff802b.jpg,w_e42007e
14bf04de1.jpg,w_02545ea
e2c26c51d.jpg,w_54ae8bf
1750c5e26.jpg,w_a32ff7f
c27372040.jpg,w_9be951c
4abf203a6.jpg,w_4ea4f59
15c51b52e.jpg,w_9732911
65486b0cf.jpg,w_4690940
92f450203.jpg,w_af7a56f
04653d8fc.jpg,w_5cf4727
34705400c.jpg,w_8431ae8
681f65d65.jpg,w_4a1b689
a7764e682.jpg,w_07e0c3c
24e260d6f.jpg,w_7cc7ec6
16d5483ac.jpg,w_f442602
52cec84c8.jpg,w_2e69752
818832ed1.jpg,w_555dcb4
56f7db655.jpg,w_44479bb
5505b0d4a.jpg,w_61e136d
8ca8d9d34.jpg,w_242fb46
3d2aadb08.jpg,w_38e9cf5
a3280586a.jpg,w_4d62749
d76760615.jpg,w_0833a92
35b953659.jpg,w_ed95d33
0d26e81c4.jpg,w_a0265bd
0716fb905.jpg,w_28a16b0
bb55e13fa.jpg,w_23a388d
df5f58347.jpg,w_efa6b4a
dd4789b3e.jpg,w_a283c8c
4873b50ad.jpg,w_fbf7d73
66f85a14b.jpg,w_05d65b9
84cf18c7e.jpg,w_6e85f95
2b3a4a5d9.jpg,w_a371235
e97bb5db6.jpg,w_1efbb8e
035917e70.jpg,w_d006897
c8da4da37.jpg,w_58d3dd3
cc42d76b1.jpg,w_194bea2
3d65188b3.jpg,w_291b418
625e1df0c.jpg,w_dea042e
43bbedb11.jpg,w_a981164
2321e8f39.jpg,w_41301dd
5ef0f44ad.jpg,w_39b9efe
5e3bffaa9.jpg,w_e1c5b57
8116db041.jpg,w_c97ad94
2a339c434.jpg,w_ab7c369
16308a84d.jpg,w_6920fb7
d9055aaec.jpg,w_580ba51
99891d6b1.jpg,w_f6b8ccb
ab79b2511.jpg,w_1b0db58
e71bf37c5.jpg,w_c88caf7
251954086.jpg,w_eba33fb
2c7d4a08a.jpg,w_4dfeafc
646aba3d6.jpg,w_3250a08
a1b1adc6d.jpg,w_7b098ce
c93eb1517.jpg,w_7f5f3b8
cad8eabe4.jpg,w_c3d896a
c3299da87.jpg,w_4846b27
1036d595d.jpg,w_066ddc5
51affc761.jpg,w_e52ff99
6da232ada.jpg,w_2e54183
3a182a63c.jpg,w_2926c77
e9d11b1aa.jpg,w_3f5c708
05d71e676.jpg,w_89f521e
04cb9fe4e.jpg,w_99383ac
38c00bd20.jpg,w_5d687a9
ad3874c09.jpg,w_11bd416
1d6f7bc55.jpg,w_7351540
2faa5d89d.jpg,w_f6c5343
854d6610c.jpg,w_dbf6385
785f092f5.jpg,w_e54d8f6
7adb000c3.jpg,w_68ed1f9
da4f57cc2.jpg,w_52b60a6
28948ef52.jpg,w_c63c580
c88daa01d.jpg,w_f546938
4d0fc883e.jpg,w_9db1fb1
c5e2d23d1.jpg,w_28d57ec
e6c34c01b.jpg,w_45b1b01
dfd23bf70.jpg,w_85c5adf
4bd43e53d.jpg,w_ba4f96c
22a6fe598.jpg,w_5520ce2
11b51a782.jpg,w_7d6527e
2525ee4f3.jpg,w_69c06ad
94b3dae23.jpg,w_c5bb7bb
1dd376b73.jpg,w_e906edd
295782a41.jpg,w_f3f887e
663be3b82.jpg,w_37f260a
f9994dc97.jpg,w_179c9f0
68ef9b93e.jpg,w_5babd8c
716dab0bb.jpg,w_51b4749
8658b6af5.jpg,w_05081a8
4a845867d.jpg,w_e010426
4597e2458.jpg,w_2d6bb89
e9972a467.jpg,w_e73cce3
859d63ad1.jpg,w_75648fc
22b267a36.jpg,w_05b4b0c
7606a6008.jpg,w_1531bf5
cf1fa1fd4.jpg,w_5be4e45
0589ce65b.jpg,w_b420d45
cbddbfd33.jpg,w_b877008
bf60e7fed.jpg,w_c959cae
2b96cac5a.jpg,w_c7bd8e7
8a5f3b571.jpg,w_5cc76f8
cb0250615.jpg,w_1006b9c
f89cc2fde.jpg,w_6e7763b
171432590.jpg,w_293431f
ad8fd0f87.jpg,w_b403feb
ac26ef1e0.jpg,w_2d1592c
8d44130b9.jpg,w_af48048
7be37bbc7.jpg,w_0cfdaa5
8f7551fc0.jpg,w_c183657
91d192478.jpg,w_600bf1b
2d42b6979.jpg,w_5c51475
3b656c69e.jpg,w_27fd7e3
ebd99fee1.jpg,w_c5ee28a
1c43aede7.jpg,w_79e750b
cdd01f382.jpg,w_07d4b0a
07605520f.jpg,w_2fc775e
9d6f16d17.jpg,w_03ad89c
7abceec23.jpg,w_0182687
8f8328950.jpg,w_695c604
6fba2366d.jpg,w_accb0cb
7824f4077.jpg,w_1650208
6021bfa2c.jpg,w_8fb247e
e984b9920.jpg,w_2009f8b
6aa5ee45c.jpg,w_89db63b
8bc66d604.jpg,w_3e88a50
e2d18e457.jpg,w_72fea5e
917576406.jpg,w_3b71107
fc47102f0.jpg,w_5b463cf
8d1ae41df.jpg,w_afb4a42
e6c492856.jpg,w_4a28f21
b79659487.jpg,w_ef83760
5561a4810.jpg,w_007fefa
513dbdd0c.jpg,w_44a6509
35f67c482.jpg,w_7d44896
42bb8dffe.jpg,w_465d9c7
3a39b0795.jpg,w_a61a47c
42e3324e2.jpg,w_714f89f
2e1680f92.jpg,w_0df7caf
9064d5875.jpg,w_f48451c
88cb6f0d5.jpg,w_5597026
5b89321e6.jpg,w_6cfa650
42c671c00.jpg,w_9f2cfff
796b38f31.jpg,w_c56fefc
1e0c6e796.jpg,w_cefd512
8d26b4f3a.jpg,w_63ea6fd
259b850aa.jpg,w_1788910
65d02ffe3.jpg,w_186d294
2f6764886.jpg,w_18c481a
7efc2cd0a.jpg,w_be776c7
b9817de9c.jpg,w_fc83ab4
7ae17ce60.jpg,w_7656c1a
9e167899b.jpg,w_45246db
7edee6844.jpg,w_5101888
9483ba15e.jpg,w_b569e70
b6fe626c6.jpg,w_385330e
b326b3b13.jpg,w_4112f9a
60e365155.jpg,w_13937e4
160f92a99.jpg,w_32043b0
7918daa54.jpg,w_7e9df91
3bd7d07de.jpg,w_d2c2be0
f693ca65d.jpg,w_b5e13cd
34a86ea3d.jpg,w_4362671
645300669.jpg,w_00d50c9
0ff691557.jpg,w_98fc82f
a30ca6b82.jpg,w_40efb29
d658f1484.jpg,w_986cf31
8946ee622.jpg,w_56a96ed
26be752b4.jpg,w_3fe2251
9b36b2129.jpg,w_3283995
95f9361b1.jpg,w_70fa383
101025d39.jpg,w_8340caf
f48a4940f.jpg,w_02d138d
2d994cae2.jpg,w_5535fd3
55afb483a.jpg,w_9109577
4f9403342.jpg,w_cbcb5ed
16504a584.jpg,w_84b255f
53476f77b.jpg,w_31438a5
4bc70583c.jpg,w_e6264df
af0ac159e.jpg,w_e1c9a18
811039b8d.jpg,w_13d4fd0
17e840adb.jpg,w_bd9f354
5a2da4b18.jpg,w_ddf876d
037d3d4f7.jpg,w_ec4299b
13df308bc.jpg,w_d6ca28d
d074090da.jpg,w_3eae264
35f4646de.jpg,w_0fdf741
e9b5c96bd.jpg,w_9fecf9d
8864f7519.jpg,w_67a270c
6339ab2ea.jpg,w_d3734df
9f58e13d9.jpg,w_d40e29c
14a88b31f.jpg,w_2b50adf
0dd099302.jpg,w_0a87ea4
abd0590a6.jpg,w_c481650
b5083a25b.jpg,w_2a98962
bf206027f.jpg,w_fdd3687
5a4013c51.jpg,w_b44e89d
ae7993c1d.jpg,w_030c8b0
49aece78f.jpg,w_8a06b46
7f078a1ef.jpg,w_b26717d
ecf8885dc.jpg,w_f47f214
b49d9ecb2.jpg,w_0c76541
5b52d4558.jpg,w_0a155b9
4384c6456.jpg,w_80124ae
ada130053.jpg,w_298f605
ad779373e.jpg,w_0c59853
7f0cbbedc.jpg,w_fd98539
2587ce108.jpg,w_4562f42
9aa399e8e.jpg,w_67b3af9
2a5ac6133.jpg,w_1b3baf7
90ed53864.jpg,w_700ebb4
3e45c85e9.jpg,w_d90a890
f86bcd018.jpg,w_f91389a
46cfdedfa.jpg,w_deda5f7
173b560a9.jpg,w_46e198f
c11eb572c.jpg,w_ec32fa6
1e69ad0e3.jpg,w_a33ed90
3f71a4b9a.jpg,w_b1f637e
f9f09e010.jpg,w_1289b63
269d81822.jpg,w_2ab34d0
a6549f63d.jpg,w_78ca251
05ea19d75.jpg,w_24d3109
529cf7f00.jpg,w_f276da3
5e1efd0e3.jpg,w_6f7611c
6fc162804.jpg,w_650f587
4237c8fbe.jpg,w_cf9207f
2cd2dd769.jpg,w_8cfabed
702cc9a71.jpg,w_a88f2c1
33697bc8a.jpg,w_a335fc2
a31c73f3b.jpg,w_2e21094
6db03d0d6.jpg,w_11e75bf
944d2f62f.jpg,w_4182dba
83b681701.jpg,w_25d662d
1dc511b31.jpg,w_ebdc496
9f8328e55.jpg,w_fc230fd
86531b961.jpg,w_2ec0a71
9957143aa.jpg,w_ac80688
3cfc82ed0.jpg,w_b311fb6
83980d335.jpg,w_dfc200b
4d218740e.jpg,w_9ad3618
e5d3d2019.jpg,w_888391a
4ac43f318.jpg,w_f0cf3f6
78be3a290.jpg,w_1b1dd05
79b102480.jpg,w_df54dcb
e1157725f.jpg,w_ebea167
ce9ca067b.jpg,w_d8d0dd9
096322b7b.jpg,w_662c89b
26535598d.jpg,w_46c49e8
ec695e9ea.jpg,w_8c25681
6fd257f3e.jpg,w_93fddcb
78c5b7152.jpg,w_a7e3d55
c866a3ef7.jpg,w_317c071
5678e765c.jpg,w_f1ec368
a7b27117d.jpg,w_8d9d59a
64e933d66.jpg,w_8e47efa
52c3e7808.jpg,w_fb4f74a
30d718e16.jpg,w_478d73b
2453dea33.jpg,w_16def42
373e34d4d.jpg,w_506f894
a8a789e6f.jpg,w_a3181a0
d99b05a44.jpg,w_4b609e1
58dd4026f.jpg,w_3207433
3eee5148c.jpg,w_a923a6c
1f9922801.jpg,w_f0eddab
685acae72.jpg,w_4e73055
8c21549f9.jpg,w_4fdb4c1
ee96b5be6.jpg,w_50fd107
346675a6b.jpg,w_fe54484
53d82969e.jpg,w_18a06fd
203e1b1a3.jpg,w_187de67
8a1a25dab.jpg,w_5a2634c
2d098607f.jpg,w_88b3a3d
3e8cdb2b9.jpg,w_b9264dd
50e40c760.jpg,w_6658081
4df7e261b.jpg,w_732d22c
522637262.jpg,w_5796069
63f21d833.jpg,w_20c0bc0
ed679c6a5.jpg,w_a8d89df
f73074bfe.jpg,w_955bfe2
49abb8875.jpg,w_c1715f5
b24ec114a.jpg,w_1b4bb29
ce3abb04a.jpg,w_13edc47
67fc35de3.jpg,w_9eab46a
e2bc464c2.jpg,w_6caff0f
2d2013d08.jpg,w_b35b19d
5b8796cbd.jpg,w_cf5d69c
57130e95a.jpg,w_e05c1a2
4b89de33a.jpg,w_63386cd
0dc377531.jpg,w_34afc43
6211619f9.jpg,w_bc28a13
9c5e0c61b.jpg,w_f6a16aa
fdda3c3c2.jpg,w_37d2f3a
346b64046.jpg,w_6fce84d
71a56a0d4.jpg,w_4776fc5
c0a8c6f21.jpg,w_2c94198
5f3d8e945.jpg,w_631564e
c26be386a.jpg,w_1faaf06
3212add4f.jpg,w_cb476e2
047ca0d72.jpg,w_1c2e409
198a4b1bc.jpg,w_93ef4fa
1f33c5a79.jpg,w_252d315
0dd787975.jpg,w_5510cf3
d330e0ef6.jpg,w_8d9af77
8eccdf3d4.jpg,w_c9b4607
32d89b78d.jpg,w_7b41bf7
202bcdbdf.jpg,w_4b8638b
dadd173b9.jpg,w_abfdd10
ec6d6dcff.jpg,w_a6a732d
ae6a32539.jpg,w_40be8d6
9fefaeff4.jpg,w_52093cb
145a19d34.jpg,w_12fdac7
3a0062726.jpg,w_eaa4d20
d604bdf53.jpg,w_dd944b7
113fe3aff.jpg,w_49afbc9
781225362.jpg,w_84f9ab0
9c5cf68e4.jpg,w_15bf3e3
704aed3b9.jpg,w_1e1e5d9
29e9b7ed6.jpg,w_6b57529
344e4cb3f.jpg,w_b8c537a
1988f0d99.jpg,w_b1a3345
392819b1e.jpg,w_d12f2a0
c1336702e.jpg,w_7342df0
905b52b89.jpg,w_400791e
4f309f2de.jpg,w_9060d27
1b138a68f.jpg,w_61d48c9
b0323ca44.jpg,w_f0e9af7
978722f8a.jpg,w_bc733ec
137e7307f.jpg,w_4801beb
3f254878b.jpg,w_d71a790
d460c27bf.jpg,w_45a6d4e
4c4ad3289.jpg,w_6eec015
1aa6dbadf.jpg,w_bfe77d0
e38a8dd34.jpg,w_f0fe284
521255ad1.jpg,w_fc6dd24
275ab9611.jpg,w_9b89c88
d71935835.jpg,w_92f4498
344727bb1.jpg,w_98164c0
64b1c009f.jpg,w_7648ac1
2a594f207.jpg,w_45c5396
3f027292d.jpg,w_a8b0ec1
867490450.jpg,w_b2bc0c9
61d29c8a9.jpg,w_7834cde
bd8e09b06.jpg,w_cf5e3ee
276be5251.jpg,w_0888e56
502f2de3e.jpg,w_5d90c48
8a6c314c4.jpg,w_6e7cf1c
a67a12d71.jpg,w_2137c6f
355a69482.jpg,w_fbfe96b
85a95e7a8.jpg,w_d7aef56
bad43c400.jpg,w_3fc3c61
350279e13.jpg,w_bb08804
d56cdca69.jpg,w_6e76427
9ba1bc891.jpg,w_14e5fe2
2c5c3ea3d.jpg,w_65f142a
3e74a6b7a.jpg,w_540d5db
e109a3fd9.jpg,w_ac0f6c4
18a26f162.jpg,w_4678fbb
8cd7e4324.jpg,w_e6ff725
f671c63c0.jpg,w_6e209a8
3ae47ead7.jpg,w_6aff5b1
6ad0d476d.jpg,w_ae393cd
692c65701.jpg,w_78ab4d4
227437720.jpg,w_db1f3de
5610c29b2.jpg,w_0b3e0e6
e8201dad9.jpg,w_c92d4a9
684eea98c.jpg,w_38de45d
ef030b1e4.jpg,w_d0bfef3
58220ca1b.jpg,w_a70b90b
3e9d3c09e.jpg,w_34ecf36
1eef410a0.jpg,w_88e4537
e83e4a160.jpg,w_3002b59
4bac88d09.jpg,w_90fb95b
869137af0.jpg,w_d0528f6
c86235d01.jpg,w_f8511e9
625b400e1.jpg,w_1b6f30f
68617e7ac.jpg,w_4cc050e
0618f6c38.jpg,w_6cca536
4ef0f36db.jpg,w_df27de9
9ff247946.jpg,w_3079e26
546155f06.jpg,w_dc651ad
49d05c131.jpg,w_564a34b
3fd4150bd.jpg,w_b845c2b
df859374e.jpg,w_71a1a08
407bb4115.jpg,w_13c9a17
4d783a79c.jpg,w_6525e6b
4a058f9da.jpg,w_267c7e3
a619c4e36.jpg,w_41d24c6
0fa85edea.jpg,w_c158581
41ab663e2.jpg,w_b71ac68
118173150.jpg,w_7432816
c4933c727.jpg,w_620dffe
9e57da0da.jpg,w_483947b
94e53caa1.jpg,w_db3cfa4
cfc2a4372.jpg,w_c371f0d
7945b7a2f.jpg,w_69edff7
3baee1c03.jpg,w_872f131
a3ff0e5bf.jpg,w_d0475b2
64d36cf03.jpg,w_ac835f9
5b0cf7728.jpg,w_1275240
67816b034.jpg,w_9e98f50
c25057c98.jpg,w_e06d673
009431af0.jpg,w_7a4b2f9
6e89fb3d8.jpg,w_917cc49
956250d97.jpg,w_5c742ec
b8c03ac22.jpg,w_8fad4d2
afba80921.jpg,w_1032fa3
dc84454be.jpg,w_e73d9a5
049fa60f6.jpg,w_56d38d8
6784c14ca.jpg,w_d73c048
977277c65.jpg,w_b4fe6b0
2b35eea62.jpg,w_f793610
d7ef638e8.jpg,w_9b1ee8e
6e2ce8109.jpg,w_d223b2e
37b04f82e.jpg,w_208db25
546193e6b.jpg,w_99e43ae
af26fc55a.jpg,w_09c8a69
a14ea6059.jpg,w_1ccea93
870523991.jpg,w_1472271
1f145cca8.jpg,w_5b227ec
9f9943ac0.jpg,w_6ebfe7b
ac599027d.jpg,w_627187b
692ba7596.jpg,w_579e5f0
7186c0b33.jpg,w_030e2cf
d825308dd.jpg,w_19671ad
5e250e37c.jpg,w_2d6596f
1b0b43837.jpg,w_c896384
3980cae93.jpg,w_df1cc01
e0e4483de.jpg,w_31154fa
c89294373.jpg,w_5010896
548b4e568.jpg,w_be5615a
9967b8d0d.jpg,w_8ad2534
2ddfd89d0.jpg,w_be65810
f76c373fb.jpg,w_8b813a5
f492355a9.jpg,w_df86a42
94d6f063a.jpg,w_b28898a
3f59c11b8.jpg,w_518a722
44dfe6a55.jpg,w_76065ea
9b5818e45.jpg,w_58bae95
39ec629d4.jpg,w_82d886f
995c8d809.jpg,w_4a12050
d9109bef1.jpg,w_412b5ad
99e2778d7.jpg,w_107b98e
fe8abf4b1.jpg,w_72aa314
8d83ae780.jpg,w_3e39c9c
1fd21062e.jpg,w_e107383
a408ac501.jpg,w_4516d31
7d45160c1.jpg,w_4488584
01b7e3f36.jpg,w_249346b
558a7db39.jpg,w_cd4cb49
5c17a6699.jpg,w_e51c0e9
75e8b9b65.jpg,w_fe15413
85e3737c9.jpg,w_df1f698
e5acf3f1d.jpg,w_e66ced8
1a7911a5e.jpg,w_d7aad03
d4999ad40.jpg,w_98cc97d
886f5b0b9.jpg,w_42388df
12871c982.jpg,w_519a081
8cb518101.jpg,w_9645aa9
f04373c5c.jpg,w_c543f7c
95a9f8b28.jpg,w_a9304b9
2da09c4f6.jpg,w_e0cf908
40c39c795.jpg,w_0f25e6b
78121a156.jpg,w_77f9c5f
0b19b0929.jpg,w_180e241
e65cb7f13.jpg,w_8675aac
69fd113d6.jpg,w_454f511
87b3922ec.jpg,w_8bcc197
09ca65429.jpg,w_92f64ee
1a8f54914.jpg,w_5f54045
9b90a19c7.jpg,w_d4d46bf
3b429be7e.jpg,w_5bf792a
3cbb9bb68.jpg,w_6b2ecc8
95b34b6b9.jpg,w_8c0e550
732d39791.jpg,w_0aea542
7f1aeef66.jpg,w_81eee24
0e5a2ec32.jpg,w_3cb4838
7e677468c.jpg,w_4c07458
08e1a184e.jpg,w_104d305
7f7b8dd86.jpg,w_f652809
f4827e52f.jpg,w_cb0aaf0
0dd10f2a4.jpg,w_12e8dc7
e8c76f24c.jpg,w_5808373
e39267f17.jpg,w_73435d0
d7a1b6daf.jpg,w_e6dfc39
a903ce380.jpg,w_9ef6147
1e1c0314f.jpg,w_faf5287
a9ba301a3.jpg,w_17b0d3a
b5f83a50a.jpg,w_6c3ec2d
cac445d72.jpg,w_6f0cbe3
7f338e615.jpg,w_4e864fd
d29747f5c.jpg,w_ba77e9c
0c3197e04.jpg,w_562b227
265c24207.jpg,w_91cdea4
665c7dade.jpg,w_091ec23
4887aa5fb.jpg,w_b3df6bf
659b605a1.jpg,w_2df85e7
b67e83104.jpg,w_633ead1
1a10e1c2f.jpg,w_835a1eb
74d7e9950.jpg,w_46c4c49
c925bc4e3.jpg,w_8e5d8ff
58a4caf69.jpg,w_80acb6f
3f390df31.jpg,w_1b2bf0f
21b32d50a.jpg,w_659bdb8
c613a3fff.jpg,w_57bc12e
3f53b90b0.jpg,w_70d0b3c
7b2ea56a7.jpg,w_f06439d
f275e9c56.jpg,w_08d62ee
3cc8cd1f2.jpg,w_101990d
dd214a972.jpg,w_2b39f31
a14f8f354.jpg,w_ce1bf27
949c1b4ac.jpg,w_edf0164
700d84b30.jpg,w_62c78f3
6024f0e5d.jpg,w_97ba78a
36c312824.jpg,w_356b5b7
6d510af2d.jpg,w_12ce4f8
c3f218b9c.jpg,w_06471d5
5654be24f.jpg,w_5258623
221067693.jpg,w_f8478b9
6e45fc5a3.jpg,w_6ea9231
5b90ee284.jpg,w_aa45520
ce26aff29.jpg,w_4669e6a
32258477d.jpg,w_a375d95
7afd04edc.jpg,w_fe03daf
596c89820.jpg,w_ea05006
e940d590d.jpg,w_b8e1687
0b2979ba8.jpg,w_c3e88ae
adf413d92.jpg,w_0a619af
92a0d7198.jpg,w_7af5b09
577d9c174.jpg,w_e966f36
651bef009.jpg,w_e1ffbe2
b8de9504d.jpg,w_8a7071c
b22f446bb.jpg,w_e6450bc
52930ba58.jpg,w_53feb91
c89811104.jpg,w_1e283bb
d6bb7b9f5.jpg,w_d6aa3f3
75518f11e.jpg,w_b1be75f
51187ba11.jpg,w_302799d
5bc63a847.jpg,w_21ae2d7
1a35f5740.jpg,w_2f94559
e42e348a6.jpg,w_2b65b34
6be18997c.jpg,w_e8658e7
7fef176bb.jpg,w_26301f8
a2eed8866.jpg,w_3e4a1a5
4dd08c554.jpg,w_e01ca20
1282233d6.jpg,w_0f4d4ac
81c384d18.jpg,w_f8b4ea9
71a0c3d2b.jpg,w_3bdf2c6
a890b52fd.jpg,w_a2a40d2
9bf3adad5.jpg,w_520731e
3bcd0a056.jpg,w_fe12bec
23d604112.jpg,w_cf1551f
8ab2b85d0.jpg,w_6b47687
697ccabcf.jpg,w_698fcbe
6fe335c81.jpg,w_687c6d3
47e71881d.jpg,w_6e999b0
a2b88a793.jpg,w_7b989fb
5b9390ac9.jpg,w_2b49489
038ffb4ad.jpg,w_dfbf100
5b4f2bfe5.jpg,w_62ec5a8
bfb4fb107.jpg,w_f497e3f
0b2e9775f.jpg,w_8d71480
1ed61f5b5.jpg,w_0ce0555
39d629aa7.jpg,w_ac33bfe
9f2c544f2.jpg,w_ad672ce
00d9e8278.jpg,w_1ea5d96
bcb504542.jpg,w_a63cd8d
f7af1b985.jpg,w_e53bb95
c2a8222e9.jpg,w_8be0240
456e975e6.jpg,w_953b7b2
09c28470f.jpg,w_315c854
23a048f7f.jpg,w_33696ac
740a4dccb.jpg,w_57acd97
25733d1d2.jpg,w_7e56d66
6fb551b13.jpg,w_8c8c45a
04a49dade.jpg,w_42b0064
fdbd1743e.jpg,w_b9c99cc
54090043b.jpg,w_0ee9ae5
c4a64d33f.jpg,w_9da1811
ee0d67723.jpg,w_c0bf8f8
2e78dd43c.jpg,w_e726a9c
0a37cb554.jpg,w_5c083e6
0aded8e9e.jpg,w_98e83cc
7632a134a.jpg,w_f75ed58
075089e48.jpg,w_d140497
56400736d.jpg,w_78e7020
46ec12168.jpg,w_754cc34
9d49a70d5.jpg,w_67afc89
1d7df45e2.jpg,w_eec42d0
64919af73.jpg,w_26f7c39
15f8b749c.jpg,w_4661aac
00cf9982e.jpg,w_acd217a
dabf39be6.jpg,w_13a7d9a
4c80f3991.jpg,w_54fd73d
a19acb311.jpg,w_6fe5b8e
4f495a9c8.jpg,w_012678c
67df3fc70.jpg,w_d853d93
17f12af8d.jpg,w_3e9dc66
d90a09918.jpg,w_b18df25
0c637eb0d.jpg,w_6b9af3a
789efaf1c.jpg,w_7d46ac3
dc5ae1393.jpg,w_6c886f0
18fb6f5f7.jpg,w_8e88f4f
1e6a774fa.jpg,w_6b1d160
927bfd948.jpg,w_772845b
363ea3eca.jpg,w_95c7a6f
31386516d.jpg,w_ea7a364
4a27e0be6.jpg,w_9a1a810
101950e9c.jpg,w_e568f47
60dad3680.jpg,w_6684eea
c9c431575.jpg,w_5d426b6
34fdec579.jpg,w_6d98683
ac174b0c4.jpg,w_deedca6
86c9aa515.jpg,w_25d7e08
bf34a0cb3.jpg,w_f353d20
8a228e753.jpg,w_0d61101
1f007201a.jpg,w_c2c20eb
91d5973a7.jpg,w_ce352a8
0f06624c3.jpg,w_d9d1e17
65ba9aadc.jpg,w_e8b5980
d57835b15.jpg,w_2e374c0
9e9e79f74.jpg,w_274f6db
c98cfffb6.jpg,w_af520bd
0f21fb9e4.jpg,w_d49d4d7
ceb2479fc.jpg,w_b7c9e1e
62a96dde1.jpg,w_7307591
1da636904.jpg,w_966f46a
87422bd0c.jpg,w_f5bf6df
feb1df253.jpg,w_28589bc
a2e401796.jpg,w_ddff916
8ea8b74eb.jpg,w_836e895
3f57bd36d.jpg,w_4dac709
709654e5a.jpg,w_88adb3a
adf307d50.jpg,w_52464e6
1f6108547.jpg,w_cb9f118
99bd7bfda.jpg,w_b938e96
d4bc3c2fa.jpg,w_6c09f7f
4e4474164.jpg,w_d66d8f4
081ee4083.jpg,w_673ff5b
43c903a46.jpg,w_0e35358
2b414c266.jpg,w_b02ac52
8223ae8a6.jpg,w_4af7c01
e3580150c.jpg,w_0d052c1
88ca23f79.jpg,w_61b9586
357c89dde.jpg,w_d8a08f8
4b8a439ab.jpg,w_37bdff9
76f0df853.jpg,w_b128587
7d554c803.jpg,w_60cf87c
2cec8d6eb.jpg,w_fbc7895
fc21bc1ed.jpg,w_0e0f074
48a9c1247.jpg,w_43f0465
0d1cab7ed.jpg,w_6ebed02
a9e130209.jpg,w_3067220
5918c5af2.jpg,w_02aa597
a7749ede1.jpg,w_a4fb1d8
27793c5fe.jpg,w_5fb70a0
52d971730.jpg,w_f119baa
969277b89.jpg,w_9c506f6
6a62fab94.jpg,w_b6ad668
2cffbbda9.jpg,w_6e0a45b
0fe1a6100.jpg,w_6643fe8
9de7c17f6.jpg,w_60b027a
bd82ac553.jpg,w_2e075b2
d7ef1b15b.jpg,w_69bb761
21dcc6175.jpg,w_a88c767
1699d1f56.jpg,w_f59bb62
621165b92.jpg,w_0ca546b
f833fb7cc.jpg,w_102e715
9b7975035.jpg,w_3137898
039739a4b.jpg,w_7e9ae57
754455b0f.jpg,w_14bfbe2
5e045ff26.jpg,w_27597ff
199c7494a.jpg,w_67153b4
49a1d9dec.jpg,w_1ea8997
522897d8b.jpg,w_83a4279
7e88405b0.jpg,w_5252dc7
f09b1d8a4.jpg,w_3a34d6f
3040781e5.jpg,w_8dc6c05
5192f0bcf.jpg,w_e210cb5
94b896c91.jpg,w_711b815
035b5bdb8.jpg,w_8443156
aa69cda83.jpg,w_1083a05
dae045a42.jpg,w_1ebcda9
dd6180707.jpg,w_dbf651b
e8030f109.jpg,w_1e85eea
472b5f745.jpg,w_d74498b
30c1d5731.jpg,w_7150989
f35f3a70c.jpg,w_9f13096
69285291b.jpg,w_2211e6d
afffc59e8.jpg,w_fe94155
476cfbf4d.jpg,w_bff3c3b
5fe4bd878.jpg,w_022d2f5
c7ac4d679.jpg,w_a4162d6
acda4f26d.jpg,w_ae536d6
1dd5ae2d8.jpg,w_d9a3c6e
03282d26c.jpg,w_ce4d993
0e102defb.jpg,w_bfcad53
60cf68b68.jpg,w_41429ea
73e4a2f06.jpg,w_454df60
a1827f97f.jpg,w_7e74b4e
cdd2b57c9.jpg,w_da40b39
2a27b0599.jpg,w_fdc6e6d
4c4153d18.jpg,w_593949b
97c0c39fe.jpg,w_a6de601
72e6ce374.jpg,w_3155d04
3183ca765.jpg,w_9aacaa0
22e4a011f.jpg,w_23e1d57
70f65ca0e.jpg,w_5d5c6a6
801b095f2.jpg,w_9785e30
bc14ae0e9.jpg,w_46ea040
4a1ef2c12.jpg,w_ae7887b
84463ef00.jpg,w_42d6484
594eef588.jpg,w_db68456
f90975e25.jpg,w_8f1069a
61cab5762.jpg,w_e5ab551
4d784d3c0.jpg,w_5d1b1a7
4f7d9a0de.jpg,w_653099f
a248100c6.jpg,w_d3e323d
ba5dff533.jpg,w_8b8dca8
18322eb9f.jpg,w_6d8fad3
6795cf9f6.jpg,w_0f03c44
508f7822f.jpg,w_95b8b64
757a0fca3.jpg,w_59915b1
223eb87d2.jpg,w_97f4b38
ce31e6e6a.jpg,w_ff2157c
2c444dea3.jpg,w_c650f39
6b74f2430.jpg,w_1f41b98
169b2ad65.jpg,w_c797292
83fad1bd7.jpg,w_0bdc5d5
ee935a361.jpg,w_21ecbf3
e18e7ef46.jpg,w_9d56f22
07250af68.jpg,w_72f5c64
ceba6b670.jpg,w_cff6c83
e57328337.jpg,w_adedd1f
75bd7bba0.jpg,w_ab2ac77
7a0d2022b.jpg,w_3057209
60deefe6e.jpg,w_eae983e
9de1a4064.jpg,w_3584852
48db10c8b.jpg,w_2f0f74c
b1d321175.jpg,w_8739af5
61bea3bae.jpg,w_d875f4d
02deeee20.jpg,w_9573686
e9280c18c.jpg,w_4344f5e
239f49af9.jpg,w_2e29743
2c0d0dbf2.jpg,w_4e8ae1d
aadafc09e.jpg,w_e50e9f9
a44fc5af1.jpg,w_bfbf205
e711ef42e.jpg,w_d4c30a9
1b59524ac.jpg,w_3a63e33
e60c2656c.jpg,w_7488eec
90380ed4c.jpg,w_39cd182
e4054603a.jpg,w_5778858
2423f48c1.jpg,w_865cf80
64a80fd6b.jpg,w_f1b6eea
5c28cc37d.jpg,w_48aa237
a70f5b9d0.jpg,w_e94b46a
1e5296b34.jpg,w_d9f8641
d17780370.jpg,w_9287505
76be4986b.jpg,w_edce644
015b868a1.jpg,w_71af602
661404446.jpg,w_c5e1472
2a3df73dc.jpg,w_04d4568
570f4b5eb.jpg,w_b037216
a027e7603.jpg,w_a40f40a
29d8a9478.jpg,w_7d91458
197d3b168.jpg,w_4312b77
59ab9ca5c.jpg,w_f75dc98
e2ac4810b.jpg,w_671b041
65388f5b6.jpg,w_0714a46
8d1590b8f.jpg,w_e129173
9ec80de4a.jpg,w_c0d11da
5dab92e8e.jpg,w_1de6148
965508bd2.jpg,w_5fd90e2
4f9b3146a.jpg,w_108b2ed
7fd64422e.jpg,w_36f2ebb
4aeae18b9.jpg,w_d6f0be4
5d4e81736.jpg,w_2812e0d
206715dab.jpg,w_954fec8
03fa69c40.jpg,w_0e7ec27
1ffad78c3.jpg,w_c7d8935
ac89e5bd1.jpg,w_e36b021
343d3b464.jpg,w_27be996
ac22cd815.jpg,w_af367c3
392a1bbb9.jpg,w_ce1aed8
6ad026e01.jpg,w_d6fde02
658575742.jpg,w_faad3f8
14a805552.jpg,w_c1d2d7f
ddaba4be6.jpg,w_d4c24e6
1b20c454d.jpg,w_b2af5eb
892ca358c.jpg,w_b7d68af
9fed5ec16.jpg,w_5b870e8
89256b91f.jpg,w_f648d33
ac998b5ce.jpg,w_88445b2
764ff6bff.jpg,w_e709b7d
796722e26.jpg,w_48d22a3
1a3218e7a.jpg,w_8f2943e
967c40bb1.jpg,w_78de8f7
bbd098ad7.jpg,w_491e1d4
47c4329e5.jpg,w_db0c461
098435111.jpg,w_4e13e82
5b4c2f872.jpg,w_9d29561
574661c68.jpg,w_40a8585
7c3876a92.jpg,w_d357277
d00ce7fec.jpg,w_836581c
c910697b8.jpg,w_e19c1d6
83d4f2cf5.jpg,w_9697236
8c8d54569.jpg,w_96c6613
a0f8bb229.jpg,w_9fe60cd
2799d0311.jpg,w_5530579
716f6f462.jpg,w_bb9306c
4a4f2546d.jpg,w_9d840d6
42020c994.jpg,w_7e579dd
d63ea9a2c.jpg,w_1834b49
5e8aa9239.jpg,w_b1330fd
9c215f5ed.jpg,w_0bf90d9
926a96b47.jpg,w_ed50c26
2a1e9fb97.jpg,w_dae7ff7
344e544b2.jpg,w_2eec458
12d78ba10.jpg,w_9adf29b
0ada1400a.jpg,w_d829778
c30a1940e.jpg,w_60aa749
713ba2cf4.jpg,w_7571b52
031e52425.jpg,w_814a1cc
e288d66cf.jpg,w_7a91862
4defe2fc2.jpg,w_aee9487
58ab8a3ac.jpg,w_eafacda
1c6b71418.jpg,w_efc0825
85c229533.jpg,w_8301946
6838f02f9.jpg,w_5045d2c
99db2dd7c.jpg,w_1887b5a
18b2cfff5.jpg,w_9b565fa
f732d1ed4.jpg,w_1417bc8
0912b97e6.jpg,w_054162a
6fb5cc1a5.jpg,w_6df47c6
47f583530.jpg,w_f9a9dec
12f6ce260.jpg,w_264c2e1
5019aadf4.jpg,w_7388288
e137ae989.jpg,w_2f87cc7
2b45d50ea.jpg,w_fbcfe1a
43c2478f8.jpg,w_23bfd0a
d7ffad10f.jpg,w_13c1b55
ed35fe45f.jpg,w_7c77c5c
5eea49da3.jpg,w_d24c654
3dbb9e00a.jpg,w_8fd3810
1c1a6c7ec.jpg,w_0749e87
30c6c2701.jpg,w_9032a74
60138a0a6.jpg,w_04f5f55
79d9a57cd.jpg,w_57bf435
6a1dc7e4f.jpg,w_db484db
12035e558.jpg,w_074530d
c819883f5.jpg,w_d4b1766
8914ab06f.jpg,w_d395243
39b10cc71.jpg,w_6946a70
72266ffd5.jpg,w_985d205
564df4f6c.jpg,w_71ec6d4
4b771d44b.jpg,w_2036a57
be8cd0623.jpg,w_076bb5a
59fbee13c.jpg,w_dea6580
cdae39b7a.jpg,w_6310ac7
add1b65a7.jpg,w_bd26110
4206f5114.jpg,w_3f7d5f5
91d8e1d2b.jpg,w_08b0eac
3cc817781.jpg,w_0f73f48
5da2ebc26.jpg,w_d17b0c5
47a1e0a6e.jpg,w_f6524e1
6cf4ffec7.jpg,w_636b9a8
368c1d011.jpg,w_227e394
b79e881ac.jpg,w_fb3959d
2c176f855.jpg,w_f892ca8
3b404167e.jpg,w_daf857f
5664021df.jpg,w_817d53c
999f116a4.jpg,w_45e277d
35342ecff.jpg,w_0ecda0a
21ef9d548.jpg,w_dc56028
b3fad14ef.jpg,w_f636f80
10f7fee6e.jpg,w_89f0c48
5a5351cd1.jpg,w_4fd7b80
00514c876.jpg,w_8dddbee
8e4772233.jpg,w_eced610
39c6e7c47.jpg,w_9749fed
c0c4e9d20.jpg,w_84dadae
f1de20ad6.jpg,w_8041789
82e8d0b6a.jpg,w_e21b629
4ad1bc58c.jpg,w_5b94456
dbafcb0a9.jpg,w_3c8f7da
107b998cc.jpg,w_4a8a4c9
87e5c449d.jpg,w_1247b8c
b982a76f0.jpg,w_f7702cd
c001e5701.jpg,w_d405854
518578cda.jpg,w_c82dafb
e2a0a5cc5.jpg,w_218fe4a
f562bbd50.jpg,w_0baf946
4b055ce74.jpg,w_f71de1c
60969ea56.jpg,w_6555d06
606d7764d.jpg,w_553d1ef
90cef2f96.jpg,w_f08fb81
d9cd9ebe4.jpg,w_a2f8488
a04751eee.jpg,w_c465f0b
3aed8f194.jpg,w_37e61c2
55cfa30a0.jpg,w_708c3d2
97ba466ba.jpg,w_9a91c1e
157708448.jpg,w_6a1280c
a16be2d30.jpg,w_9cc2c36
66a7e34ff.jpg,w_96c5fe0
0f5241572.jpg,w_274397d
5c132468e.jpg,w_b6e4761
34ca5de7b.jpg,w_4a9436a
492bf37ba.jpg,w_3fe5d56
2b1691398.jpg,w_9ffc9aa
5f4c0523b.jpg,w_c38eb22
05b7d6dfa.jpg,w_b5c3634
cd025ec90.jpg,w_40a6c9c
fddbe1a72.jpg,w_14330a0
55ff63cda.jpg,w_da2d813
3125ac486.jpg,w_c6b4d61
254c3a5b8.jpg,w_e145c7a
7997ec3a2.jpg,w_68c4ecf
fa844738c.jpg,w_bb2c919
4f9be29bd.jpg,w_ac2574c
97117c840.jpg,w_e13f4e8
2c057842d.jpg,w_a13f1d0
417bd3b34.jpg,w_13ca7e8
a89ba106e.jpg,w_06d2e72
9e3c6f590.jpg,w_9bedea6
4d237f7fc.jpg,w_752ffa2
2552b6e3f.jpg,w_12b56df
47d503102.jpg,w_4dcdda3
ca2ba8009.jpg,w_c262606
965e3357e.jpg,w_6e62ad4
4e666e284.jpg,w_9cff87c
a59a7ef70.jpg,w_cc79b6c
95f9ce495.jpg,w_91b4760
ca2d288dc.jpg,w_030ac9b
56048cd30.jpg,w_69b5ace
5723e50c5.jpg,w_307e5e9
56f0ca9e1.jpg,w_8141e4e
441c8ce4c.jpg,w_d9cdc09
346c67649.jpg,w_5d67caa
45cc6daed.jpg,w_e0ed636
2e0f1128d.jpg,w_d6283ba
fad6a739c.jpg,w_16b5050
9db384417.jpg,w_7c27fbd
e706b0283.jpg,w_fad9574
584417569.jpg,w_e9b4719
4213288c7.jpg,w_a8fa5f2
a2f8db0fb.jpg,w_5af08bc
8f5a5033e.jpg,w_e19a641
ec53169ed.jpg,w_df71327
3d0a23f5f.jpg,w_9236fb3
78dc99c5a.jpg,w_23ce00e
313b51813.jpg,w_a08f3cd
0b824db64.jpg,w_c6c89db
00dcd026f.jpg,w_914b110
0402f7a49.jpg,w_b1461a9
46ff99cd7.jpg,w_d3b1733
0567bf644.jpg,w_45c3ea2
af8ce2b09.jpg,w_98a5e5e
c3922d9de.jpg,w_938701c
da92fb1c1.jpg,w_42e0e40
94332cb0d.jpg,w_2f6d4a8
3ea504127.jpg,w_2500327
4eb3d57a6.jpg,w_a2b9ae8
a82d6941f.jpg,w_cb856e6
5c007fe4b.jpg,w_76a45de
164b3b951.jpg,w_c865cfd
7b239ee17.jpg,w_d0e6e7d
782a29284.jpg,w_0350bf4
44a083d94.jpg,w_9bebed8
5f5ecbb72.jpg,w_6c995fd
5c560cb5e.jpg,w_244ab03
d30fd9c8b.jpg,w_6a8bad9
7f47c615d.jpg,w_122e247
9963db752.jpg,w_98d094e
7a0583d81.jpg,w_8e9f047
632e1fd75.jpg,w_ae19ff0
34bb4ed8d.jpg,w_a113b33
30e083729.jpg,w_22f2567
80c7d44b4.jpg,w_715b1b5
6f1642139.jpg,w_7ffc63c
06b790545.jpg,w_52a5d92
d9de60363.jpg,w_3c880c2
b346f13db.jpg,w_09de1a5
5c399f7c5.jpg,w_2db0644
2db4506c1.jpg,w_90edcb6
03471c92a.jpg,w_9af432a
c4e7739b0.jpg,w_06376db
4034c8c65.jpg,w_08d439c
941ba3c80.jpg,w_b89b6bf
799cffb67.jpg,w_8dcdb19
175bfb3b8.jpg,w_90c9763
7edea18cb.jpg,w_4c01b28
722d6406c.jpg,w_281a8cd
6b790d0a7.jpg,w_f61b957
a4b032aa3.jpg,w_ea7bc89
751070bd4.jpg,w_6d8f72e
b27ab0471.jpg,w_587753f
8324c1929.jpg,w_cf9055c
0efdffd67.jpg,w_6ae4956
7c74186f5.jpg,w_343f088
b12ca7396.jpg,w_ec8ac93
5c99f795d.jpg,w_8c8f8b6
510c93292.jpg,w_3fadd3e
030628f8b.jpg,w_8b1f4be
7a58d3118.jpg,w_af1d57b
cc7158de5.jpg,w_aa0dacc
9656d0537.jpg,w_d5d111d
870b0f6d5.jpg,w_d71289d
0e02383ae.jpg,w_352445a
8cbd319e8.jpg,w_17a3a21
7b05dd05a.jpg,w_04de239
0fcf7cb0b.jpg,w_dc23fbc
59ac1a67c.jpg,w_ca1d5a8
ee783803c.jpg,w_51fc1fc
3ccb3c187.jpg,w_5390260
d0352ceda.jpg,w_09bd7e8
46ad69332.jpg,w_19f365e
e1ba16f73.jpg,w_97d60b9
43f828b84.jpg,w_488865e
f350cee62.jpg,w_13c8177
a541664bc.jpg,w_993320b
b5df86841.jpg,w_358c519
bd7d9ab66.jpg,w_396c12b
f158f2ef3.jpg,w_ea91c50
52180ac9d.jpg,w_9eb2d2a
3218f3566.jpg,w_bc7de9f
731be6f76.jpg,w_b2bc537
791cecbdf.jpg,w_a2aaf01
a898d3108.jpg,w_5a63294
1c3e574ea.jpg,w_8c83452
7a456741e.jpg,w_78fbecd
b35c17b62.jpg,w_0e7aae1
4106fec02.jpg,w_a47dc2d
fa37a4d8e.jpg,w_ab2f0eb
d098dcc86.jpg,w_d91feb2
5cfc61119.jpg,w_3ec7fa2
924c7c768.jpg,w_cbdae16
a17f20cc5.jpg,w_8b86b95
7a90846e7.jpg,w_9884e90
17cf2b100.jpg,w_cf88f4b
81353490b.jpg,w_801eb08
8de67fd9e.jpg,w_f351d4b
1f3017195.jpg,w_a8a52de
dddb835e1.jpg,w_7769d46
e4ed2d8a9.jpg,w_b472b26
343b4326c.jpg,w_b3cfa1d
9e6708259.jpg,w_4eb6bcc
36c9601e7.jpg,w_724503e
7658d2e9b.jpg,w_551f361
c584d277d.jpg,w_dd79a10
6fb28dfea.jpg,w_ad91d77
d41c4184b.jpg,w_6fc8edc
99e6e0859.jpg,w_857cb95
457816c07.jpg,w_210caac
4be945700.jpg,w_b5d45d4
99bb494e4.jpg,w_825910b
aea74e88d.jpg,w_3499014
3e7c9db0b.jpg,w_b3196aa
ec0dea2b6.jpg,w_840061a
2097401ec.jpg,w_81691be
87511700d.jpg,w_7c82391
43c5a6999.jpg,w_b55fb6e
fd0ab7b0d.jpg,w_f7cd240
4b354cff9.jpg,w_b99f945
7d7dd8ecb.jpg,w_f7193ed
302a55053.jpg,w_be78b58
13d1bad43.jpg,w_c6b05f1
5d447a824.jpg,w_c156d0a
6614fb0ee.jpg,w_e70a3d0
623b4b344.jpg,w_3de9056
7decc6ba2.jpg,w_022b708
b71b906b0.jpg,w_9660cec
5331dca6a.jpg,w_bc677de
4db20e526.jpg,w_b9bae7f
4845c6b99.jpg,w_d892cd9
44f873b2e.jpg,w_aaf5ab5
c66cf9039.jpg,w_be235cb
82233a173.jpg,w_6ca0970
8295abfaa.jpg,w_2c3f556
1b73fa7b0.jpg,w_80d945b
701e28aa5.jpg,w_23852a0
969223e3f.jpg,w_f64767d
d2861bedf.jpg,w_6fd2888
2e45e0ce2.jpg,w_759b919
78b3995c9.jpg,w_a7757d4
85cf269ad.jpg,w_c8901c6
8f6d1cf79.jpg,w_fec5547
05dfa3773.jpg,w_a0f456b
3bfa92e6c.jpg,w_6071978
211a54a30.jpg,w_7fe4082
4429bede1.jpg,w_7537a43
ebac30e16.jpg,w_18666da
5233e6139.jpg,w_02469a1
1e6a260b7.jpg,w_3c4b1d0
77a1b6741.jpg,w_d0a7600
55cc7eb8b.jpg,w_80bb6c7
fa1806d91.jpg,w_1b0c4b7
94e80ffc7.jpg,w_23d4815
c772ccccd.jpg,w_be2ce29
027f1594f.jpg,w_072f593
329ef0717.jpg,w_2af46a8
3d10e5df6.jpg,w_69a58b2
7adf0c561.jpg,w_5a8902d
599c47954.jpg,w_bd18f3c
848316aa5.jpg,w_327175f
393235da9.jpg,w_d7b6f17
874be5752.jpg,w_c2426a1
bf1de4ccf.jpg,w_aeabde9
b0ee96f08.jpg,w_e22b55f
121e3acc2.jpg,w_ee57fc5
68917859b.jpg,w_39efa30
035159746.jpg,w_ae53e45
2b6085d9c.jpg,w_2b069ba
4a4cbf201.jpg,w_c509e1e
ad4375e9e.jpg,w_a780b2d
c5f877d7e.jpg,w_ed009d3
5cce7e81c.jpg,w_a31ead9
7b52c0bc2.jpg,w_8b5a2e4
47d77f7c9.jpg,w_50707c4
9086b3d6e.jpg,w_3a1e62f
184b85d7d.jpg,w_e16924b
278313517.jpg,w_cb593df
7aebe2d0a.jpg,w_8eae2c3
3445b9bf1.jpg,w_a354653
a91ad30be.jpg,w_0655a0d
07c66fb0d.jpg,w_7cb0e92
97850be4d.jpg,w_065ee1b
4838a0fdb.jpg,w_48872ad
c630018e2.jpg,w_52cd115
1371b0e78.jpg,w_cded134
50d49b0c5.jpg,w_90336d0
4fa2c0ef4.jpg,w_e64cf9a
4a4f5eadb.jpg,w_26ba5fd
8865153d7.jpg,w_1ca9ab1
4d0be01ee.jpg,w_c11f9d8
a29886e65.jpg,w_c0b01ea
ee1c1a4bb.jpg,w_cf8ce56
ff1674b13.jpg,w_2548d54
01dfca144.jpg,w_a6df3a5
e01e495c7.jpg,w_fec331a
1bd9636de.jpg,w_75d4e65
2c7666acf.jpg,w_10b4603
9f95529cd.jpg,w_0ef790d
477ec0f89.jpg,w_4a0c2a7
a5212d985.jpg,w_c94f151
2ab3c0183.jpg,w_163b2b8
8acb4841c.jpg,w_e2a09d4
e53b227fb.jpg,w_a7196c0
aaa8e4735.jpg,w_397d143
079ab2f94.jpg,w_e45491e
337559f2b.jpg,w_32da935
446077c6e.jpg,w_5e47cfb
18251a799.jpg,w_c9634dc
3cd6c9ac5.jpg,w_3c972b3
ba7a6af40.jpg,w_b20b425
5aed75d67.jpg,w_f2d26f2
42a987130.jpg,w_35863c5
0758b8b8b.jpg,w_e99e430
50a4b99a7.jpg,w_c5c01af
de52bea5b.jpg,w_2b4b82e
7d5c2a1e3.jpg,w_6c6ff4f
9087862ec.jpg,w_5b40032
7debd4fcd.jpg,w_3b03245
340287cec.jpg,w_e74475b
58687bfb8.jpg,w_9ca9776
cf5509de0.jpg,w_ac90846
49ae08129.jpg,w_01cbbbd
19f796d97.jpg,w_21fd105
24cdd5d3a.jpg,w_c10fcb2
9814ddbb8.jpg,w_820e136
2c6635acc.jpg,w_5a90eff
8389e2f4d.jpg,w_fd51859
3c3ad9832.jpg,w_f793b1f
1c950c891.jpg,w_54e7b40
a05b4be77.jpg,w_99a26a3
33932a770.jpg,w_7ae9946
eb32fc902.jpg,w_e8e08e6
7ed08c444.jpg,w_45473b9
47458b01a.jpg,w_114a297
d4630d6fd.jpg,w_b3cc7b3
4fe8b86d5.jpg,w_efa895a
6b4e30aba.jpg,w_772c726
50342537a.jpg,w_5ed2a38
fd2b4e999.jpg,w_91037a7
2f508a0e3.jpg,w_41a2f20
f1666f045.jpg,w_15805cd
47186e085.jpg,w_7f762d8
6be7f8bf4.jpg,w_b7cf3f5
3a66ad03d.jpg,w_d7ef410
6773a9e16.jpg,w_d6a2ad8
88643e452.jpg,w_b5e6c9c
0aaadead8.jpg,w_336e046
6ec55dc57.jpg,w_712b916
e59ddbee4.jpg,w_b3e445e
11033c99a.jpg,w_0c5f019
5c20f4d17.jpg,w_d9405b3
4eac92683.jpg,w_96985c1
63f35c66b.jpg,w_87e5b68
5c923da3a.jpg,w_d210085
921ac0c31.jpg,w_e3956f5
1463708e3.jpg,w_91cc02c
76182eb07.jpg,w_52adbfa
ac506e4ae.jpg,w_773a8fd
7c4ce4fb2.jpg,w_b4c805b
42699c49e.jpg,w_5df7574
4e6290672.jpg,w_00289b1
ca93f9745.jpg,w_48619b3
fd65307c0.jpg,w_0cbf1b3
729eb131a.jpg,w_5f5f9ae
2a982b13b.jpg,w_d9aecac
85801d031.jpg,w_361a865
4aaedb27c.jpg,w_c6fe966
c643e026c.jpg,w_2a2bcf1
65ac0b7a6.jpg,w_8936c44
b8fa8c362.jpg,w_3d56b7c
dda3554e0.jpg,w_cda3971
ad83d73e1.jpg,w_3815890
1fbb2be0c.jpg,w_8092f18
2c13d9bce.jpg,w_334c489
01f6f8d04.jpg,w_0513962
d0aa24550.jpg,w_2858e46
afcf606a0.jpg,w_dfe485f
61eb9099b.jpg,w_da08395
1133c08a7.jpg,w_94e8c02
3da1a2906.jpg,w_06a10b4
62375eb05.jpg,w_b77efda
fe92e3fc4.jpg,w_04003e9
9ffa17f9c.jpg,w_958b730
ef32fad87.jpg,w_0f1cf57
da76d0dc4.jpg,w_049ae2e
149c6c7a5.jpg,w_e4b4611
4b4efa8bb.jpg,w_143ea92
49930270e.jpg,w_fdcaaa8
8e49ff20e.jpg,w_47996c6
2381b5945.jpg,w_57a546c
466c0102b.jpg,w_2a7c1af
0583589ed.jpg,w_5083a58
d26fd54b5.jpg,w_d1207d9
c26ee29ae.jpg,w_12aae3e
8ebc63111.jpg,w_d16eb60
d55167236.jpg,w_ec7f1b3
4a914bd50.jpg,w_4f3dc75
299ed188c.jpg,w_5f20f03
30e45a6b1.jpg,w_dd2873f
dd0f4dda1.jpg,w_bcba9e8
0c0cea389.jpg,w_f84e6e1
e8878b48e.jpg,w_a190a88
8fe9548aa.jpg,w_0ac10f3
7c1629340.jpg,w_8075847
364dd86d0.jpg,w_5e285ed
2a4c8fcec.jpg,w_6df2400
0e649c935.jpg,w_ee2a1e0
c6cf83e91.jpg,w_eeea781
f77a2c435.jpg,w_aa32f70
6d24966ed.jpg,w_16c264e
2a1146baa.jpg,w_71dfca3
408a56e2c.jpg,w_e090471
1ce709911.jpg,w_8e1cf61
525a46453.jpg,w_3a91b10
409e078e7.jpg,w_04acf95
19efb1081.jpg,w_95a5270
539272960.jpg,w_5d1c9eb
20a42d995.jpg,w_c4b02b0
0341a18ba.jpg,w_3f22dc6
3eda14345.jpg,w_0788c36
8fb782e88.jpg,w_cf4178c
12f970584.jpg,w_fe881f2
ec2e57eac.jpg,w_34120de
aa892c163.jpg,w_cb88c1b
63d9ace0a.jpg,w_4214909
3cffa45c3.jpg,w_734f6b5
30bed8ec9.jpg,w_96c35cc
1eb6ae4a6.jpg,w_c99807e
ab7d8bc1f.jpg,w_3de579a
812634571.jpg,w_3643be7
5ba42f4e3.jpg,w_9b3076d
df5441c32.jpg,w_8003858
49ab2b4c8.jpg,w_0655608
043029c07.jpg,w_66b4513
731fd785f.jpg,w_e819d10
5ada2cfbb.jpg,w_711552b
449c5649d.jpg,w_d6d89ed
e36c5899e.jpg,w_443afc0
ba107f120.jpg,w_95c932d
3cd47c00f.jpg,w_1cfebce
723f2a91d.jpg,w_15e3099
383e62026.jpg,w_191bce3
318cc53a8.jpg,w_d6907f5
3db384703.jpg,w_db86325
78fc1b2a1.jpg,w_5f0fcab
3580d4600.jpg,w_cbaa911
97222ec46.jpg,w_0e0b65c
25490dcdf.jpg,w_db0c7fd
d0832cf32.jpg,w_ccf3551
50c11a1d3.jpg,w_12cc52d
fe9163895.jpg,w_6b1bd76
8dc9c679e.jpg,w_5e8e218
46a761e3e.jpg,w_263fcb0
1887a9835.jpg,w_02c7e9d
830760887.jpg,w_d307d9d
c27dd62d7.jpg,w_11ff425
14927c837.jpg,w_10f3b75
d09a1d530.jpg,w_692734c
32debc352.jpg,w_5485228
2b139813d.jpg,w_71b9a85
d72cebca6.jpg,w_ea6a9f4
5e0926c17.jpg,w_cef693e
f17247f8b.jpg,w_2f1488c
28747c0e1.jpg,w_f86b16b
43573d028.jpg,w_8bc8a32
457b3a4fa.jpg,w_5c2c1a1
6764c286c.jpg,w_6041acb
502c5a117.jpg,w_f9bffb5
5805045fe.jpg,w_d09a047
60ae73d57.jpg,w_cde1082
b2b61440e.jpg,w_85a2285
02c47bf28.jpg,w_2f5caa9
b3ba075c1.jpg,w_f8bb266
f41cd9c5a.jpg,w_92a47eb
033cf66cb.jpg,w_ce67c4c
9b9716164.jpg,w_031e1a3
db0e1f4f8.jpg,w_dec7ffd
877871282.jpg,w_0c80c53
128340a6e.jpg,w_5b3289c
d41af4443.jpg,w_939423d
2cdc96b1b.jpg,w_c62ca3a
7b65d88a1.jpg,w_acfc8c1
509919ca6.jpg,w_e07b79f
8912ccb56.jpg,w_80a59e6
22bcb43ea.jpg,w_4c62681
315ad3c1e.jpg,w_0cadbdc
4420c0e3c.jpg,w_3904956
9bcd0499a.jpg,w_3f915dc
a3fc74398.jpg,w_cd6743e
90c1dec85.jpg,w_a589923
dd2059ad2.jpg,w_2745292
699c17781.jpg,w_dc3e9cc
295324981.jpg,w_801e723
025407c89.jpg,w_7038727
90dd46623.jpg,w_63f5740
369de80e0.jpg,w_d01f587
19390f98e.jpg,w_428ca58
95a667437.jpg,w_3b970db
92489be72.jpg,w_cac17d9
15c191011.jpg,w_afcf807
c7e0b707d.jpg,w_ea6a7fe
74d501063.jpg,w_2ff0834
8cb85706b.jpg,w_da443d9
401da8952.jpg,w_f3b2948
7e09f8294.jpg,w_6f9f759
299bf239a.jpg,w_76f95b1
4bd48b6af.jpg,w_538259a
c90d0c818.jpg,w_900c68f
555427723.jpg,w_9fac3c2
224f2fee6.jpg,w_753d66c
4938b126b.jpg,w_c0f1e04
32774657f.jpg,w_f6032e9
d3b15e280.jpg,w_24c6ff8
472982192.jpg,w_5ad70f3
a4e8853a0.jpg,w_73b2fe3
2d7ede381.jpg,w_dd88965
22dc5ca81.jpg,w_5d81be1
36c8c0466.jpg,w_8585e34
1ccdd3f13.jpg,w_e533679
026cf2c73.jpg,w_1423c1f
77b2e1bdf.jpg,w_a8b65e2
5cc06108f.jpg,w_de03861
73a3eb31d.jpg,w_185044d
ef74f6b4f.jpg,w_1d2d323
c2ba31964.jpg,w_fbdddd6
b14320a8e.jpg,w_6d35e41
581367f4a.jpg,w_565d73a
40a7a699f.jpg,w_b5cf062
24a2d3fee.jpg,w_56c9d4e
16d398f4c.jpg,w_1b7eaad
9e0dfb3c1.jpg,w_f6e5311
3eff892d6.jpg,w_5b8f665
31c99c308.jpg,w_42c1a3c
353ae9ca2.jpg,w_c073f96
3ca357852.jpg,w_da651f6
22f071d9c.jpg,w_8f38839
0912a7ed2.jpg,w_939a97b
08dcd4e24.jpg,w_c563492
a4985b42d.jpg,w_72288ee
91a56fa0e.jpg,w_0bc078c
edd32feef.jpg,w_c2372df
0e856ff5d.jpg,w_91dd720
ea2a225d6.jpg,w_b86917d
069eb6c86.jpg,w_a0fcfc1
b5795c214.jpg,w_04f5a19
fc0980b84.jpg,w_0189b6d
19f4fa0e1.jpg,w_c734fa4
1184b2a6d.jpg,w_4c18cce
2fbe1d496.jpg,w_736cca3
8e5baf450.jpg,w_75fc10c
690ee6250.jpg,w_a1b7b83
58f70734c.jpg,w_ab44ae4
d97e738a3.jpg,w_cbb15d2
d7120f1fb.jpg,w_270f505
e4756dba6.jpg,w_86726bc
bdca4e9e3.jpg,w_1217536
7c506dc99.jpg,w_4a61e0a
de75de856.jpg,w_9be308e
5eb158ec6.jpg,w_81d1ff9
eb954a222.jpg,w_0abdaf4
16cd67748.jpg,w_8e92662
6786aaf7e.jpg,w_ca66b79
f1887921d.jpg,w_5a3e0de
2edffb4a9.jpg,w_c9cf75d
afc368a6c.jpg,w_68aa903
550b7eb5a.jpg,w_0b1e4a6
403f557ac.jpg,w_2d99567
1a613e06f.jpg,w_16dfac7
c1b007419.jpg,w_fccac74
3f89d4e99.jpg,w_68f23a1
6d84ecfc0.jpg,w_3e4b155
c5eb7168d.jpg,w_f5baf10
dfc7ff945.jpg,w_aa3489d
e7c0d4f20.jpg,w_28c330c
624ad7c4f.jpg,w_59109e5
4f587f3a5.jpg,w_d9c9d8d
3e25bf128.jpg,w_0717f05
eabf91904.jpg,w_1f1cee1
8d6f305e5.jpg,w_6ffc7a1
7d73576bd.jpg,w_77c86af
0148ba553.jpg,w_ac97190
0cc640390.jpg,w_984bb5c
e676fd7e9.jpg,w_f314516
812bab70f.jpg,w_51a0ec9
59d39d538.jpg,w_de657c1
3d2c3f388.jpg,w_9cf0388
b6918b6a7.jpg,w_01cb0c4
d9b6bc3e3.jpg,w_5946cd1
0d8e41a96.jpg,w_093d284
a82cbc84b.jpg,w_6e3b6a5
086abcc75.jpg,w_689e1cd
56a8410d5.jpg,w_3ff114c
50a5bdf28.jpg,w_7c5b20d
46c27040e.jpg,w_e71f9c7
7de681e6b.jpg,w_9eaef8f
c18bfabc2.jpg,w_83b2336
56c1b73eb.jpg,w_cc57ddc
9fa5931d3.jpg,w_3b32955
8d4ca04bd.jpg,w_e12b78d
3219056a3.jpg,w_276d61d
9daf3daf3.jpg,w_9ece6cb
86f569ed6.jpg,w_f77e282
08470f9f4.jpg,w_9be7408
f6ceb1151.jpg,w_fd6a3ad
c6b8531d1.jpg,w_ec98537
a58a5c1f8.jpg,w_c172767
f25a1c3f5.jpg,w_a79a828
9bc68c76b.jpg,w_63b91aa
ff8a8c320.jpg,w_39141fc
04900b886.jpg,w_76d1f84
362733513.jpg,w_d1f35d6
19d6253de.jpg,w_c25d2d1
2971ff38d.jpg,w_2964e0b
77b9d894a.jpg,w_60f4a66
1645c3b02.jpg,w_60f11fb
360e1ce66.jpg,w_dd54cb2
929cf0cb6.jpg,w_0d43823
3f375971e.jpg,w_0db2e26
62a611ecf.jpg,w_22b8752
7376666bc.jpg,w_8de77f8
6870dcbb1.jpg,w_be1a38b
3dd1b6be2.jpg,w_e4ed810
de1e66877.jpg,w_cdc4a40
7ebb9bfd6.jpg,w_71fbd51
7bf32727e.jpg,w_bf5403e
3bd2b06cc.jpg,w_090c801
7a52cc881.jpg,w_0c69117
ac61a43fb.jpg,w_5871dfd
17b98f2b8.jpg,w_5ce9577
fcdea0595.jpg,w_c2397a4
e55dfcd2f.jpg,w_f94fc92
774b9f306.jpg,w_1574bd1
796673346.jpg,w_866f40e
788a2531c.jpg,w_28218e1
4d4d85fba.jpg,w_dcc14b3
199a417aa.jpg,w_b96391f
0d05262d7.jpg,w_7d8c37c
35bb2968b.jpg,w_76f4d0b
5d74cf6df.jpg,w_36bbd71
2bcc61c86.jpg,w_d6f61cb
c7127cea1.jpg,w_7c9f76d
76e8272e6.jpg,w_99f608a
73a380b09.jpg,w_6840783
8836644fd.jpg,w_6afdf63
8a2147f51.jpg,w_0bb71d3
85098e666.jpg,w_260ff2c
f8f421149.jpg,w_df32eec
10f181c12.jpg,w_0a84ac5
683924a37.jpg,w_b3cde16
3788abda7.jpg,w_0fe6fbb
4ba12c45d.jpg,w_b79abd4
66da6c349.jpg,w_81d4bd6
8cd6b4df3.jpg,w_f3a12bc
07497eba3.jpg,w_abf0b13
509b52938.jpg,w_9739508
b048a15aa.jpg,w_c190c60
e82153ced.jpg,w_148921b
4889eb6dc.jpg,w_ddb62c2
17054f31f.jpg,w_5645ed1
590845dd1.jpg,w_706e4fb
64d592659.jpg,w_a6d6964
8a24625d6.jpg,w_ae6ac74
18d7cfb35.jpg,w_ec7e60a
8c06b6c60.jpg,w_f077a03
9ef7bc3a7.jpg,w_acba807
b6e0ffbba.jpg,w_bf41c21
9f0314214.jpg,w_f176dcf
6d2341d05.jpg,w_d76f21b
529743781.jpg,w_e9e413e
72cf1f356.jpg,w_80f481f
10751146a.jpg,w_df81c5d
a3d3c9a2e.jpg,w_ae83a65
922ce0e5a.jpg,w_7a1c290
5f200cf92.jpg,w_13b343c
ff951984f.jpg,w_c98aaad
43475b946.jpg,w_45d33bf
8e9468f88.jpg,w_83e8a3e
4c1c4aafb.jpg,w_a4140a6
4f81cda77.jpg,w_861e504
27ad32572.jpg,w_9eccb4c
baf3ccc52.jpg,w_bfae26b
b638ac62c.jpg,w_46ccc6f
a3cfb7e26.jpg,w_80b474e
721561853.jpg,w_563d4b1
2f510dcb4.jpg,w_90abfeb
8c6b0ebbe.jpg,w_f787e93
55beace14.jpg,w_58afeb2
028c4bfde.jpg,w_ee2326a
4780dabe8.jpg,w_d0fd41c
9ce417a0b.jpg,w_260e1d7
8fbbe7b96.jpg,w_26c0ffd
4b4ad7b38.jpg,w_717756b
80ee70246.jpg,w_36b8101
a20f7529a.jpg,w_e740b27
f3f51c471.jpg,w_20dfb69
e10f40788.jpg,w_fbcfe74
ee96db7a4.jpg,w_ad072b0
858135958.jpg,w_6eb10d2
b621544cd.jpg,w_7983f71
3dbfe7a85.jpg,w_0ea7436
6eeb776c2.jpg,w_193bf22
b51364934.jpg,w_2fe1c3f
57e1056dd.jpg,w_2e4cb98
1b0ce8326.jpg,w_93d7617
825f9f805.jpg,w_7707132
aeadd1952.jpg,w_190b9bb
7fc5f5385.jpg,w_2284d86
743f8d251.jpg,w_81ed5f8
1feec7ec5.jpg,w_ecb61a0
3d0a26399.jpg,w_12e7c23
819809470.jpg,w_1a7ccaf
df1e0e854.jpg,w_597758e
37e8c5bad.jpg,w_b953028
82edb42ed.jpg,w_2972f31
2a65fac07.jpg,w_efd6a16
828ab457e.jpg,w_8f1a60f
22f108238.jpg,w_4cbf396
bb1351b19.jpg,w_8ed7da3
61d018a26.jpg,w_99d33cf
c0b26069b.jpg,w_cfce505
5381c7ed3.jpg,w_686bbcb
3f0952cf5.jpg,w_85bb73c
da83595c8.jpg,w_937830e
53c11c462.jpg,w_7677b27
ca4d53f34.jpg,w_bf960fa
a29ae0610.jpg,w_d3e9662
698ae71b0.jpg,w_647da1f
30c77baaa.jpg,w_75d0e61
e18ca7257.jpg,w_3cd4d35
de03c98af.jpg,w_c1d2fbe
77d52ac69.jpg,w_7938c79
c68950ebb.jpg,w_d72771c
e74fca542.jpg,w_0cc0430
ae5b52ae0.jpg,w_3a2686e
6c5c43251.jpg,w_c0e27e9
651f18b4a.jpg,w_d8dda8d
4c776921f.jpg,w_c178f34
75fca30f0.jpg,w_8f4b1c4
d87a2c6bc.jpg,w_92cb6d9
36b996f72.jpg,w_ea2d2f9
1fb36f29b.jpg,w_cdd2642
9b20f68fa.jpg,w_bfe6992
55d7bced7.jpg,w_5b8b487
9c6ecde72.jpg,w_75f6ffa
74aea391b.jpg,w_2d0cfc1
ff4d27c54.jpg,w_7860ed5
883a8ab8a.jpg,w_dd837b1
4da84bff4.jpg,w_c5260b8
621c3ed03.jpg,w_e1702d4
57d7e157e.jpg,w_63ff0ac
646a7ef84.jpg,w_3cc4623
bcaf0edac.jpg,w_f2075ef
f19a59dbf.jpg,w_0fc3e41
34d8615dd.jpg,w_3e979c0
dcab6528f.jpg,w_91b678a
05d6517f2.jpg,w_5fe949c
509301942.jpg,w_5688262
9201eada4.jpg,w_f765256
ecaffe5c2.jpg,w_b5e6c80
66bf04895.jpg,w_b27b6c6
52e07ace4.jpg,w_47aa042
1ad11bc4c.jpg,w_14461a7
8bcd434d8.jpg,w_639867f
13315f38f.jpg,w_f91aeec
c6a6fe666.jpg,w_05bf34e
60846bcf3.jpg,w_c85ff1e
23f938c11.jpg,w_1554173
f1242a9dc.jpg,w_2b17316
a2a2fdd97.jpg,w_d287825
495cdaf16.jpg,w_db2d2ac
3cee62ffd.jpg,w_1e286e0
bb4f348d0.jpg,w_c55519c
cc4acd002.jpg,w_48a6027
55f3a1de5.jpg,w_fccccec
9b785420f.jpg,w_9713cc3
6ddd0e118.jpg,w_bb6217a
95a8c35cf.jpg,w_6e6e6bc
1c14133e6.jpg,w_533f9ea
ba69e8ba4.jpg,w_d97c490
714880628.jpg,w_27d6aac
165d1befd.jpg,w_551165a
6a484cbe9.jpg,w_81f8d47
60d3d7524.jpg,w_9490369
297c93865.jpg,w_75cebcf
fdb8cc495.jpg,w_394f053
7fe4bc9c3.jpg,w_a10515b
1dfaf3539.jpg,w_1e9caad
a87038557.jpg,w_b93105d
c83fea81b.jpg,w_5b16177
8e3c45936.jpg,w_d22e12a
81b5a3091.jpg,w_4ad3d24
85fbaaeee.jpg,w_87b0e69
cc6c1a235.jpg,w_0027efa
651054e6f.jpg,w_6cb1ff1
691834a30.jpg,w_5841fb9
cc7dfa0b7.jpg,w_7d4d7cd
3e2aa6c52.jpg,w_8157927
ac1895c50.jpg,w_b4396ae
4cd76e3ef.jpg,w_f6eed29
9f5746239.jpg,w_b19f2f9
05550c64d.jpg,w_17c9df5
0d25596e9.jpg,w_286d2cc
f8984a4ae.jpg,w_b7babc0
59917a789.jpg,w_7ab2120
9912e9a64.jpg,w_b950c88
fc3b85e66.jpg,w_c3c0d22
0a58126db.jpg,w_fb98d50
f23cce173.jpg,w_0da34d3
47467f73e.jpg,w_0a31a3a
2e1a0577a.jpg,w_a79e00d
7beeb509e.jpg,w_faac069
fbbea90c8.jpg,w_e20dcb5
e966e08b3.jpg,w_47d86e8
998b2baa2.jpg,w_8affab2
f65578eb4.jpg,w_f9aab0c
281fcf995.jpg,w_27a6304
55f5361a8.jpg,w_abc5af2
29035edce.jpg,w_4cf5e29
3a96adf97.jpg,w_38c0639
e39da4126.jpg,w_c82b49f
1e795c3d3.jpg,w_9f02ca1
e0dc01f6c.jpg,w_ec4bcf9
4f69490ca.jpg,w_46796cc
5022d0ec2.jpg,w_b1c8a8b
7ea956671.jpg,w_b2606f3
bf3169be0.jpg,w_88eaa39
8abffa6d3.jpg,w_69c8945
f604096bc.jpg,w_792ffd7
2989208bf.jpg,w_b91bcd4
fe9e60bb9.jpg,w_e8c5ff0
b06282872.jpg,w_32b01d7
18db030ba.jpg,w_c5dbf98
851b7b77d.jpg,w_c80541e
56bb24890.jpg,w_7b4ffdd
c98246175.jpg,w_e897a60
b407295bf.jpg,w_2644b11
69a60f837.jpg,w_ef439a1
8bb3c3392.jpg,w_cd99382
e7d7a38c2.jpg,w_263bd97
139bfedeb.jpg,w_7122684
2916fecb8.jpg,w_f9d1114
668a06e28.jpg,w_a009604
22f75863f.jpg,w_688590b
5cd193e9e.jpg,w_7052419
612344916.jpg,w_b21cfe4
0409c48d7.jpg,w_78e229f
683066795.jpg,w_a9822dd
9939ab9ce.jpg,w_dcdcc9d
884a254be.jpg,w_415dea0
40e13028c.jpg,w_4ff2f4a
28b18c21a.jpg,w_611d18b
108675e00.jpg,w_cc00be9
5afb0348d.jpg,w_335a58c
57e5c9606.jpg,w_8c28a3c
24acea2d6.jpg,w_11e90bc
67fe66ef7.jpg,w_439b6cf
2315e2226.jpg,w_5482351
5bd167a57.jpg,w_ac867fb
9e61487de.jpg,w_213fb07
400f04e40.jpg,w_6189444
e3f924715.jpg,w_ae8982d
d3418bc5d.jpg,w_d8a47de
59ec87583.jpg,w_b3197c6
b3435e53d.jpg,w_2365d55
01dcb420f.jpg,w_4f3cebf
05a967957.jpg,w_2a946f2
3a0dceebd.jpg,w_745ee82
30bd700a3.jpg,w_beb062d
131536433.jpg,w_3209f9e
9b3fa26f7.jpg,w_4b04d0f
bf8031ddf.jpg,w_24c76d8
445f76075.jpg,w_396c07d
39bc4cf1d.jpg,w_9b5d7b1
c964779b0.jpg,w_243b654
9d5867d41.jpg,w_3b03149
4bcf9966a.jpg,w_5077be0
c7f7ed79b.jpg,w_9a77724
55faf2148.jpg,w_58d8bbd
707ce5f70.jpg,w_8a4618d
a3f1aaf9c.jpg,w_7f04b8b
121880d7f.jpg,w_f4e69f1
a8f15cc02.jpg,w_a05181b
1ff4c6325.jpg,w_9ca67be
58fc0c7ae.jpg,w_a1d016d
244878f4f.jpg,w_c7e2a65
093e63fe0.jpg,w_e36fb17
81cd3633a.jpg,w_c200e52
97bb27130.jpg,w_567502c
dec8711bd.jpg,w_2ddcce9
15b18b6eb.jpg,w_414d441
0d84680c3.jpg,w_45df6b0
02e7b200c.jpg,w_0bd39c1
4d20f8b0b.jpg,w_16b7fec
4b3631d1e.jpg,w_82481c1
ba6d9396b.jpg,w_859dbc3
7a46410a3.jpg,w_ed620af
5e1487a7b.jpg,w_e6d9cdd
842ae9560.jpg,w_c536a4a
4804860cb.jpg,w_9544084
88abb522a.jpg,w_0cfae04
4ed48c12c.jpg,w_0bb9927
d6a9403a7.jpg,w_fd906cc
1b4de77c7.jpg,w_9227ca2
3448cf2d9.jpg,w_aee1ccf
23d33bd86.jpg,w_581ba42
f88568f45.jpg,w_729290b
679a11a7d.jpg,w_6e97ef4
a7649f524.jpg,w_43d4a64
b8faec944.jpg,w_dcbdd01
675c4feef.jpg,w_0b10e7c
accfbf28f.jpg,w_dcefb3f
6cf768716.jpg,w_f971ecb
13785701b.jpg,w_b48de8c
9cf8f3e1e.jpg,w_e7f704a
4aada5349.jpg,w_bbfce38
a0f5730b6.jpg,w_6612e89
59391afce.jpg,w_b389fe8
64a6efa1b.jpg,w_a8276b4
53040af7f.jpg,w_e11afff
87cf3f3fc.jpg,w_0d1b964
80c9046c1.jpg,w_c4862bb
424a1defe.jpg,w_88b3466
b728ef1e9.jpg,w_3224f68
348ea2fc8.jpg,w_31b5dd8
d92268397.jpg,w_ca11f46
1152013c8.jpg,w_9957aed
249045450.jpg,w_262c32f
10e7ee994.jpg,w_a7d01cb
3c89b9105.jpg,w_d066f46
fcc176300.jpg,w_d15dd0b
4de32a7d5.jpg,w_f459442
a1db87cd4.jpg,w_3976c05
2618a13a6.jpg,w_9472e22
02fe15b8b.jpg,w_c144f80
271110fc3.jpg,w_8f4d879
4cd35191c.jpg,w_c1b34d2
8e1e596d4.jpg,w_9297b97
e4b2f37ef.jpg,w_73d71d2
c6e6122eb.jpg,w_394165d
41808246a.jpg,w_1a20162
88b11f28d.jpg,w_addd610
ee5116a86.jpg,w_62fc862
b3e1682d6.jpg,w_1f85037
4328e572b.jpg,w_f182e2a
7310db19b.jpg,w_0fefc62
2ec11b2ee.jpg,w_20eeb29
6d5986b1d.jpg,w_61ed07a
09646b979.jpg,w_0d5a672
8abea550e.jpg,w_ffa542b
7e07c630b.jpg,w_1457f13
7580bcbe4.jpg,w_966b510
29db77848.jpg,w_2112103
58dec4f87.jpg,w_21d5943
806988f1d.jpg,w_7a427f2
32ca51864.jpg,w_347e43b
2c8ca323e.jpg,w_921cdae
387da8bd2.jpg,w_9e3859e
c4b1de68f.jpg,w_56af0a9
bbacaab9d.jpg,w_5650932
559d61fea.jpg,w_cafe0d0
cefdd2d2c.jpg,w_a586dce
8db029af5.jpg,w_2b47174
555ecf96a.jpg,w_86f3e45
490a82f9a.jpg,w_df6b050
162098362.jpg,w_711765a
a6b175132.jpg,w_99b7ba2
2aec0c585.jpg,w_51fe22f
889e67fed.jpg,w_2148753
8cc81684a.jpg,w_d2b440e
8551de22e.jpg,w_ed1df50
420e0e2f2.jpg,w_bda67e7
3d5afbff7.jpg,w_3d972c9
669389c00.jpg,w_6a95be3
0ecd0458a.jpg,w_f1d2222
9aaf03013.jpg,w_fa7cd91
4a3047424.jpg,w_150a6f5
42a505fa7.jpg,w_67a9841
751bd2169.jpg,w_84f08b7
656178a56.jpg,w_e86689c
c4be68ad5.jpg,w_f602022
290efef67.jpg,w_96b94d5
7675b59c4.jpg,w_6b2a111
da2a2ce23.jpg,w_d7998d1
8b28262be.jpg,w_8d0a2a2
7aed60078.jpg,w_5b5b849
71567f036.jpg,w_5612025
4d9fc178b.jpg,w_bd572cf
f6dbec722.jpg,w_6aa9d4e
01078982f.jpg,w_691b684
3a49cd571.jpg,w_ee864e4
36cc36470.jpg,w_aee6701
a3057a62d.jpg,w_4516ff1
86d03a392.jpg,w_75b6e81
ffa5fa27e.jpg,w_420254e
4cd5a6a19.jpg,w_86f34e8
10a1d9eec.jpg,w_6d8b67b
06dc95050.jpg,w_91005b3
1d06f0c57.jpg,w_bb56867
6ec4ee7ad.jpg,w_2a6d5ee
79ddeb63b.jpg,w_da5b8fe
c53d50a4b.jpg,w_abf193d
30c988901.jpg,w_d3332dc
52ac25c54.jpg,w_22cdc5f
8276c7d3f.jpg,w_c59d924
be743be71.jpg,w_2c1a562
016768c94.jpg,w_9769f0b
ec918d8b9.jpg,w_879dcef
9fbf1143a.jpg,w_c27588a
2fee6864f.jpg,w_b524f96
e78f2eac0.jpg,w_1fb652d
080a3480c.jpg,w_ae24bd1
9e7220ca9.jpg,w_716f64f
94beef394.jpg,w_c2873ef
7d772bbdb.jpg,w_877de07
6741b293d.jpg,w_cfa9fb2
35a4f7a4d.jpg,w_91ed407
0a4448a90.jpg,w_615a631
78a9dab3f.jpg,w_83cc0ec
76a195512.jpg,w_e818b1a
17d64b9f1.jpg,w_335bdd1
27ff08574.jpg,w_eca61e6
3e659aad8.jpg,w_af5d5e3
d0f513bc1.jpg,w_583aba1
5f81bd0c2.jpg,w_b7aa4d8
8bfbd20f0.jpg,w_88ff97d
6822f8015.jpg,w_ad88c85
4e83259fb.jpg,w_9c68fe8
4686f6a46.jpg,w_fd3e556
532c79a37.jpg,w_5816f86
30cb6f029.jpg,w_b3afb40
6e01e5a54.jpg,w_1b5b199
54855a6f5.jpg,w_0532483
96b9c6170.jpg,w_65ffd7d
3912ba2f6.jpg,w_8507818
27401e8a9.jpg,w_3bf2653
b624f482c.jpg,w_4fadedd
d9611899f.jpg,w_dc14a8e
b17012487.jpg,w_da8166c
f1f7c84e1.jpg,w_d542101
785e95248.jpg,w_82479e4
d93b9b208.jpg,w_4b66b5f
862e8ff5e.jpg,w_e2b0292
b655dc8b7.jpg,w_adb1dff
570dced0a.jpg,w_d94fa7a
37372f2c8.jpg,w_60122fa
ae9010d64.jpg,w_88065f2
83e5fd13c.jpg,w_bc022c6
108f230d8.jpg,w_00656c0
1a4fb66ea.jpg,w_8799716
077e1ae6e.jpg,w_171dc55
dfdaee17b.jpg,w_535448f
5280ea5c6.jpg,w_662530e
193de849a.jpg,w_780c931
37c36c81b.jpg,w_0886321
3842576ef.jpg,w_6aab519
b5a4cc1e9.jpg,w_0bfc890
65bc30b5f.jpg,w_fcf1d68
1425df1c0.jpg,w_84c23bb
4e4bfd267.jpg,w_7e1ce0a
34c035af3.jpg,w_06460d7
d9d320ea2.jpg,w_14a74dd
856f69c66.jpg,w_9a1f31b
fac003725.jpg,w_76dee7c
0d4e5d8ed.jpg,w_bece5a4
76d6dbd55.jpg,w_5cc8711
369bb52ed.jpg,w_648b85e
5aeab8ff5.jpg,w_bef54e9
66528f502.jpg,w_53ce2e1
25745f409.jpg,w_edf43c1
9e8d18b12.jpg,w_6a0a4c8
536905f44.jpg,w_dc76f1c
8918091ee.jpg,w_778e474
d717901a4.jpg,w_f94039d
ab20e8d06.jpg,w_ac2c28e
a5da954a8.jpg,w_9423ba4
20cc53c62.jpg,w_5ea7acf
071a57840.jpg,w_6fd8b4b
30452a68d.jpg,w_716ac00
61ec53723.jpg,w_57e4b21
2c0892b4d.jpg,w_009c9c5
341847ecd.jpg,w_b164c63
798f1fa08.jpg,w_7064855
8445ad031.jpg,w_3da0eae
3f613639d.jpg,w_c815410
2955df962.jpg,w_8bcf8fc
9e1f7cc3c.jpg,w_0369a5c
c9aed2dc5.jpg,w_b54f70f
7375712d2.jpg,w_d8de44c
2ccfb031a.jpg,w_bacd6f4
2dace445c.jpg,w_c0e2505
85735cf44.jpg,w_1fecb34
02545618c.jpg,w_13250ab
393a27ead.jpg,w_10bb1ba
092f712cd.jpg,w_3b955d1
225fc829e.jpg,w_1ffc4ab
e3ef0fd1c.jpg,w_a71d6bf
781fd41a2.jpg,w_21b3c7e
c6d038521.jpg,w_e2c24d2
8b4be3f2c.jpg,w_aa0bd3b
23ddf8d41.jpg,w_46f4824
399533efd.jpg,w_003bae6
0aef34cec.jpg,w_b70c09f
7af8db138.jpg,w_1a70f3a
553147ff4.jpg,w_e99ed06
c47af85dc.jpg,w_21bb5bd
6efb19240.jpg,w_85222f9
5c42ae207.jpg,w_1e3e9a7
7f6260e98.jpg,w_dced3f2
e01658565.jpg,w_dba1c08
52c905c5c.jpg,w_d1b3a00
ee949ebcd.jpg,w_04c9b23
4e023a3a6.jpg,w_9119b08
40677417d.jpg,w_384e3b2
6646c8a6f.jpg,w_ec16cc4
627d290f9.jpg,w_0f56fb2
513f4e7d0.jpg,w_4132bb8
2f58ccdf5.jpg,w_bef2a3f
eb49dce2f.jpg,w_f71100b
8fd4e1c52.jpg,w_1930599
82b58dc07.jpg,w_9b69214
354806de2.jpg,w_9fc06d4
8bae2f53e.jpg,w_9713c92
b444ac21e.jpg,w_1be76f5
77a9bd9be.jpg,w_44fc980
77670be6b.jpg,w_9fb95f6
0987c80db.jpg,w_6ed6320
2872f5a1a.jpg,w_11d8c70
a174214ee.jpg,w_d11ce9a
5faa8ae71.jpg,w_07cb113
eceeb8d7f.jpg,w_2f8de4f
6c71f3cb7.jpg,w_689cfe2
6bdd7754b.jpg,w_aa9f4b2
2c37170a3.jpg,w_25085e0
908e02506.jpg,w_d8b5bb4
76aa2ece2.jpg,w_8a6a8d5
a561e3bbd.jpg,w_3334d3f
d6a0e366a.jpg,w_553d3d0
5530e26ea.jpg,w_bdea26c
4d9e8172d.jpg,w_b9e5911
872d7a6f4.jpg,w_fb8e059
154f93c64.jpg,w_cf25b84
ede5f6daa.jpg,w_0d7b050
92128d1fc.jpg,w_2034344
2fd7b5f7a.jpg,w_d3baa35
541083efd.jpg,w_e6d5621
a05716867.jpg,w_217fc01
174544a76.jpg,w_f58da65
74996cbcc.jpg,w_4369be0
79c43819d.jpg,w_f773fbe
5edbbabc5.jpg,w_8cee3d3
d7cceccb2.jpg,w_7091e67
5c4af5cfb.jpg,w_650f061
e7f761402.jpg,w_dd80742
34f0601f3.jpg,w_274d994
23196c123.jpg,w_8a56270
2791ade33.jpg,w_2e231f4
55f9da74e.jpg,w_26b24d4
477ee1c68.jpg,w_3879fa0
f483843b5.jpg,w_eaa5dbb
5ac0af246.jpg,w_46ba1ce
77a865f06.jpg,w_5f0af76
d23e1749f.jpg,w_853aa18
07261dcdc.jpg,w_5bd26de
85120262d.jpg,w_207f153
675698505.jpg,w_f381082
40584602e.jpg,w_ddb514d
775e2885f.jpg,w_c4faf7d
08a7c7117.jpg,w_4d06559
36cec246a.jpg,w_a8c2847
53bb428e9.jpg,w_b210a87
d7ca2a959.jpg,w_a6703dd
c0a28a337.jpg,w_c178056
aad8d4cc4.jpg,w_43fa7fc
32ad038f1.jpg,w_d6c1d80
456418bf9.jpg,w_3309cbd
16b5433c0.jpg,w_06935ed
dcbd0dd1f.jpg,w_894296c
1e16518b1.jpg,w_5c028f2
d30a13fa0.jpg,w_c3bed1a
07f391ac9.jpg,w_452d137
1efc277d8.jpg,w_6cb1882
22a0368a8.jpg,w_34d7623
03c7a583e.jpg,w_f2f7550
4e738f633.jpg,w_b5657c7
0124d2989.jpg,w_03270e3
e0e450cde.jpg,w_6e51c06
774247c73.jpg,w_1104cca
44cd7385b.jpg,w_cb4182e
c795d9274.jpg,w_d1e0f06
038b5f3f3.jpg,w_a32898d
a5c96843e.jpg,w_a95c680
07b1a8065.jpg,w_32015c2
6fd8e6e2c.jpg,w_5793f1c
f735ea231.jpg,w_0e9f07a
d816ed295.jpg,w_6cda039
277912bc8.jpg,w_c4c380f
1da9b5cb1.jpg,w_9b171a8
bf7766738.jpg,w_62c76f3
223a05106.jpg,w_e7de767
3fb601a2a.jpg,w_36f154c
b5cbcee81.jpg,w_ad6a6ca
f31817534.jpg,w_4f6b509
a1caf0624.jpg,w_a473267
0e9e97fab.jpg,w_749dffd
ad41035aa.jpg,w_83e0076
1fb6e831d.jpg,w_cac9bdb
db54b4a73.jpg,w_b34830b
871b71e0b.jpg,w_0630c3e
85c4fb96f.jpg,w_ad343a6
9ae9a21d8.jpg,w_b66e1a5
a7fb411b4.jpg,w_b7b1472
c69d45bba.jpg,w_0bfdcca
00355ff28.jpg,w_cb622a2
6351e996c.jpg,w_2f67f0a
9a4be1c2c.jpg,w_32838db
3f980fc10.jpg,w_e4502b3
55b0035e1.jpg,w_c25deb9
ff185e91d.jpg,w_eaed433
90237baf2.jpg,w_b9d732d
843f1f43c.jpg,w_0531ad5
a09b8c773.jpg,w_936aa13
40734a798.jpg,w_7e2eb3d
d3da68dce.jpg,w_244e953
1a0e0d3ae.jpg,w_a165159
14244e538.jpg,w_98a87a6
0fd0a4e48.jpg,w_e21819b
9ae8a8c92.jpg,w_9021014
2e2e6b089.jpg,w_240cbf9
f2c8c9071.jpg,w_cf5335b
4ad04414f.jpg,w_9525c07
4eb9b51de.jpg,w_803ad0d
a5e801bb2.jpg,w_59052ad
2f39e1b8c.jpg,w_a893faf
8edef7e0d.jpg,w_0d145d4
31687c1c1.jpg,w_7c60e77
bf71a6ff2.jpg,w_6f3a3ec
d0fa9fbb2.jpg,w_e5978cf
ae9d22e9d.jpg,w_eee296c
04e1e4c3a.jpg,w_c7a611a
6cc5efbf2.jpg,w_5557f1e
88ea1fa5e.jpg,w_44c1eef
0acbfcb58.jpg,w_1a96d7b
7f2347ca5.jpg,w_a90164b
923e45751.jpg,w_24ca106
02583af93.jpg,w_73282ec
e39628f96.jpg,w_625e590
c80c213ca.jpg,w_b51a226
03a40c773.jpg,w_ac2df91
2d57559cf.jpg,w_f953704
844fafccf.jpg,w_5773c71
6c401718a.jpg,w_0718183
03339507c.jpg,w_b8a7ee7
9b97c5f6e.jpg,w_0d9ddce
dd4817cfa.jpg,w_57aeea3
c4078405c.jpg,w_2a1a125
a7d3c282f.jpg,w_c20b4e0
7515f2934.jpg,w_e64c432
00357e37a.jpg,w_d3b46e7
1fdbd120c.jpg,w_1ecca2d
997129b59.jpg,w_db1b545
23b60cbf6.jpg,w_c01b2e9
4de58d669.jpg,w_bc6171b
01070510c.jpg,w_b7e3a9f
02156d140.jpg,w_5bac7bb
2fd41857f.jpg,w_be1f602
99c4814f2.jpg,w_1995d15
74fdd4b11.jpg,w_0dc84fd
e3154d451.jpg,w_15951db
0d26ab5da.jpg,w_e9cf335
d8adc80c4.jpg,w_1d0830e
845499523.jpg,w_18f9d19
8691c9cbc.jpg,w_8b8dcf5
5d5da9234.jpg,w_37bc202
6f8e3efdc.jpg,w_b495218
f8150bf44.jpg,w_5e94510
799e85af6.jpg,w_588f349
1987cd8f3.jpg,w_4f8332a
37b68d213.jpg,w_70e9661
062d0bd7e.jpg,w_0a7a37c
2cabe97e8.jpg,w_0f5d895
63054e51e.jpg,w_28cb717
016dfbd1e.jpg,w_77150d0
80ab3c372.jpg,w_2d5b0e1
b7951a756.jpg,w_dd08014
928213107.jpg,w_b421a6a
ad0e57075.jpg,w_7e0659e
607b7c5a9.jpg,w_f0a5983
4b1de2a82.jpg,w_818f08c
853309011.jpg,w_6c0cdb1
4e8713f2d.jpg,w_7d79c77
d6cd256bf.jpg,w_82e7319
a44546471.jpg,w_74f384b
9dccb8298.jpg,w_aa2d6fc
603a0bec7.jpg,w_53aa231
837a5764d.jpg,w_14b1427
c70832e08.jpg,w_b5f7e89
188f220f2.jpg,w_807f02e
11b619eca.jpg,w_7d8c36f
1658d57e0.jpg,w_c148ab4
647a33044.jpg,w_455bc02
7360e213e.jpg,w_fdf618d
84b26a777.jpg,w_1baf8df
35049efc1.jpg,w_3137deb
f391d5d90.jpg,w_0ee7878
5dfc8740a.jpg,w_9e58786
0f2ee1892.jpg,w_5325f8a
4e1f5e89c.jpg,w_1f429ff
7ccf2eab9.jpg,w_f3d2e31
71148b1fc.jpg,w_2623921
ac0395422.jpg,w_bd4e5dd
2b47e11d9.jpg,w_6ccf9c6
8c39358b7.jpg,w_53215c6
e21e390ec.jpg,w_27b7295
b8a849450.jpg,w_7348ed5
e71163fca.jpg,w_1032bb6
15afbbbda.jpg,w_ec64e27
88623fe0b.jpg,w_f3252ff
3667336e7.jpg,w_59088ff
7b3d6386b.jpg,w_2645f4d
8294e5a2d.jpg,w_d588fb4
051c91d38.jpg,w_ac5aa34
c0cb9f1ea.jpg,w_4e40657
a13104f0b.jpg,w_a9a4878
3e14e8af7.jpg,w_3ebfe7a
ec9a9dfa8.jpg,w_74b6ca2
f5fa3f645.jpg,w_8ca7f37
4553df7a8.jpg,w_cf1e889
3bb9f7f98.jpg,w_e022d1b
a4c079512.jpg,w_26db444
1b5810123.jpg,w_15bf4be
c32e95111.jpg,w_8b23e5f
245132f75.jpg,w_b23555d
581addd10.jpg,w_3aecb5c
31a20bbac.jpg,w_a743e09
470b65e6c.jpg,w_4130233
161110a0d.jpg,w_731fe92
3e7b49907.jpg,w_234d686
e099afbe1.jpg,w_7ec7c3b
9f8a9c051.jpg,w_5a3dbb9
221e5ae7c.jpg,w_0d5fa2c
a440f35fa.jpg,w_8f0c6ed
10fceea1a.jpg,w_f01ade6
6382dbc2a.jpg,w_dcc6f42
1ab835550.jpg,w_72ab123
e5bdd9235.jpg,w_2fcfc71
2412d6ce0.jpg,w_4fdff73
eb05a6452.jpg,w_d0b330d
4e35d689c.jpg,w_d947e85
c683c59b0.jpg,w_7f4e31e
a98b645e1.jpg,w_d980663
30eb0ce01.jpg,w_f2dd08f
7d7d1d24b.jpg,w_726c717
4ac941d88.jpg,w_9d86594
2f0151ef7.jpg,w_3904b99
266438b02.jpg,w_7e38d10
5e46cd9df.jpg,w_8a1786f
48dfdd492.jpg,w_4f6e5a9
6fd895fcb.jpg,w_74f9ede
0a8b36958.jpg,w_576026e
c69100f62.jpg,w_79b8562
f8e0c1305.jpg,w_13aa123
5f41af399.jpg,w_981baf4
41df98a50.jpg,w_e4d326a
1b5af590f.jpg,w_ec0e6ed
9a2968eae.jpg,w_036bc54
8e7a6c1e2.jpg,w_2e18226
1eb881661.jpg,w_6ad771b
46d0a50d6.jpg,w_b330c85
4e07f1278.jpg,w_3f21fed
0a67c59f2.jpg,w_367832c
69e7759c7.jpg,w_c98f1ad
5fe88ae51.jpg,w_f150d99
faef8c481.jpg,w_f5fcb45
81883e92e.jpg,w_0577ccc
6a57cb446.jpg,w_3f78360
025738f80.jpg,w_4c614f3
8a69edf61.jpg,w_c6a96e1
06948b93c.jpg,w_75ec7c1
36a93d72d.jpg,w_691f2f6
a43265edf.jpg,w_b708e98
4b93d466a.jpg,w_a8b34a0
4024f645c.jpg,w_b8368f2
08a37d214.jpg,w_bcf69e9
8bad5af50.jpg,w_f437f82
4caa19bac.jpg,w_f9fd8f9
7c5b419b6.jpg,w_4d7df64
2b488f04b.jpg,w_9a17ae9
324066278.jpg,w_e85af00
c9806e91d.jpg,w_4ab3420
10a28e3f1.jpg,w_7ba6d48
acdad47c5.jpg,w_748290a
8b7b79188.jpg,w_1af6b9a
48f71caf0.jpg,w_2ed0d2f
7626379e2.jpg,w_1693b27
3c48c62c2.jpg,w_71df35a
049bcf04f.jpg,w_61e4690
fae3fc649.jpg,w_0db234e
6f68a7ea0.jpg,w_dee1053
693739555.jpg,w_3c629a2
7855d46af.jpg,w_0a0c768
62490492b.jpg,w_2f74ff3
e700f910d.jpg,w_ba9804a
5b31ccaf2.jpg,w_b433be9
7c7b90bbb.jpg,w_40acf40
ae0292fa4.jpg,w_07768b0
1bb661148.jpg,w_7d724a2
5bb534d0c.jpg,w_7cc2687
bea358330.jpg,w_c7e1b12
ff9468d91.jpg,w_472b51c
c2cc7d185.jpg,w_8e74601
b4584e37f.jpg,w_b9373bc
3d3373c88.jpg,w_73d6671
553ac1908.jpg,w_9ed5f69
2832b63bf.jpg,w_2e706fc
0949e725e.jpg,w_e6c320e
533150966.jpg,w_50e8d58
d5a64f784.jpg,w_cb50f6e
492ec9560.jpg,w_79eb216
f00d65686.jpg,w_4e63f7a
caedb4114.jpg,w_76ad1d2
4acafe7ba.jpg,w_b9edd7b
ad08af2f4.jpg,w_bc285a6
bdf50c92e.jpg,w_445a265
37b30c89f.jpg,w_ba0751c
81e06e68c.jpg,w_5ff2049
07da3da9f.jpg,w_04ebfe8
2f8ef5366.jpg,w_1b77e4f
907ff41c5.jpg,w_eaaa42f
4f818cae2.jpg,w_94e136e
5c3d7a153.jpg,w_903c254
a9d9f3586.jpg,w_6822dbc
d113dcc63.jpg,w_50e2184
1696f9d94.jpg,w_a3d2008
12b19da84.jpg,w_4441671
cebd76d71.jpg,w_5b8805a
360bb6720.jpg,w_6279534
2048eabc5.jpg,w_f7d8d22
994b4c11c.jpg,w_0ee1b0f
86dd60c2c.jpg,w_74e6a59
1eef60fdf.jpg,w_640a24a
b78979631.jpg,w_c9fc1f5
4e14d39e8.jpg,w_3ffae11
6c12615cb.jpg,w_e4a9205
6ae34d783.jpg,w_f74a89e
8f81aaf4f.jpg,w_0b0168a
c7c9fc57f.jpg,w_f992eae
0bee24cfb.jpg,w_5e63553
ae553c183.jpg,w_bc5dbf9
166a9e05d.jpg,w_010f858
47e35f740.jpg,w_16362a6
958bd1043.jpg,w_ec0d867
3591d4c06.jpg,w_efe3a39
34b2265fe.jpg,w_0637181
a4cd604be.jpg,w_8da30ad
ba00e4fd5.jpg,w_f5e6213
16612e36e.jpg,w_e26eb46
6d5550cc1.jpg,w_6d80008
3e404da30.jpg,w_e68c38c
73bd2b485.jpg,w_069c25b
6d96d176b.jpg,w_3a241cf
98b671919.jpg,w_ace2814
4217039a6.jpg,w_f056e82
9167ebb5d.jpg,w_e069b6a
12d1aed58.jpg,w_8cbe62a
b0eb6f67f.jpg,w_dc27ce9
8b569fdef.jpg,w_0bc1de9
0aaf1e2e2.jpg,w_10f67bb
3ece2140f.jpg,w_a939b64
5e61fe3fc.jpg,w_9b46d56
63dbf735d.jpg,w_c058057
29835e242.jpg,w_8230e8f
ba402d3ca.jpg,w_43d8db4
0724fcc13.jpg,w_7478938
c07ed72f7.jpg,w_91c94ad
c1bcd7691.jpg,w_be4f189
430a117cf.jpg,w_5116e7e
06c8a79a3.jpg,w_34434d1
d03ed68d0.jpg,w_7aea0b8
8cafb6f75.jpg,w_d351889
769ea1c67.jpg,w_fd0d9a2
714129951.jpg,w_cfcace7
4ae5c9bc4.jpg,w_5823d7b
0dd3b59ec.jpg,w_f408b56
911a56240.jpg,w_21b2790
69f104623.jpg,w_79a2659
8c67642f5.jpg,w_787af6b
2a076a1a4.jpg,w_37e08ff
ebec16064.jpg,w_789c969
d3eb8995f.jpg,w_3fb99a3
1ba60a369.jpg,w_6e0afa2
624b8a31b.jpg,w_bfed9c6
38d2d8683.jpg,w_0d4a14b
34a1b2ae6.jpg,w_66168f1
46f21c963.jpg,w_513f024
8cba8877d.jpg,w_bcb2fe3
a309418e8.jpg,w_17dd986
e7a425d49.jpg,w_94f41dc
34b946711.jpg,w_99d3313
d6d97fb3d.jpg,w_502e72f
3c81b70f4.jpg,w_f8c22dc
52b463c68.jpg,w_a5b6ea7
bb1f8bb4f.jpg,w_b39aff5
517a913e5.jpg,w_0f031ca
df65ce3a7.jpg,w_ecd734e
4e81f0d2c.jpg,w_491b2e5
7a515e258.jpg,w_cc85af7
8b92246f9.jpg,w_1d1fffe
e31443cd1.jpg,w_b38f64b
1bce2c04b.jpg,w_de3713f
d38586948.jpg,w_f37c434
3b132c8c4.jpg,w_acbedef
e0c8b9966.jpg,w_3b3f3ce
9af5150f3.jpg,w_e25b062
2c93a7326.jpg,w_dc7d6d7
c4dacffc9.jpg,w_a059841
09032ecef.jpg,w_15e7de5
a6b521a21.jpg,w_0e4b65e
86385701f.jpg,w_53276a1
beceb2294.jpg,w_48fa708
a1ca1eb39.jpg,w_0f466a5
69387935b.jpg,w_4c206e7
2fae0073c.jpg,w_066ac1a
d545f3d39.jpg,w_68b59dd
f5dcfbc90.jpg,w_6bab2bd
d5098b5a1.jpg,w_20df2c5
251e1e608.jpg,w_1d830c2
56dde09fc.jpg,w_038dfc0
9bbe5297c.jpg,w_2b388fe
8df0a8ef9.jpg,w_be36790
5f4c98e03.jpg,w_15b3f09
2786bf4e0.jpg,w_ee61a1f
624a8fe7b.jpg,w_14ece76
1f5d33368.jpg,w_32de0c5
8f3c44c0d.jpg,w_38c5952
6e427fff5.jpg,w_463295b
6c70bd52e.jpg,w_5a7e338
94299d7ee.jpg,w_6d43e1d
01e4842aa.jpg,w_91b96c1
1d454afa1.jpg,w_b7411e8
9c97ef0e3.jpg,w_4c218b5
00c59bce9.jpg,w_1260eb5
e12fa6fbc.jpg,w_53fb1b2
6236d5736.jpg,w_05cc23c
6869fba0c.jpg,w_bc62c27
d070e6924.jpg,w_da577dd
25b60e0f9.jpg,w_c2c1e28
8b098e37c.jpg,w_5a0ef9f
3884fa999.jpg,w_d10d0c5
1c9c5c9a5.jpg,w_cbd2194
98a7ae982.jpg,w_c8bbb43
12f534925.jpg,w_06619ff
27a160b50.jpg,w_8cb5e04
85dac00b5.jpg,w_e97509e
d83064a94.jpg,w_463f219
0eb1ed347.jpg,w_e6d46e4
150c178bf.jpg,w_84d832d
a1b24ad67.jpg,w_78351ee
8e1c16ed2.jpg,w_190375b
f68593943.jpg,w_ab41d9b
8a6144f37.jpg,w_591a2c5
ab983263c.jpg,w_d8fb98d
6aa13b630.jpg,w_9d6c63d
8b0f0caa4.jpg,w_cc1784d
09b53fe6c.jpg,w_1133530
ce0de3213.jpg,w_43fc74c
9f543975b.jpg,w_ea902fb
4e2509817.jpg,w_3b90ba7
6640bb4d4.jpg,w_0eab54f
6311688b7.jpg,w_1403973
669257648.jpg,w_b0cadc0
6c63b6e60.jpg,w_d4661be
97b6c672e.jpg,w_88bb921
2cceaf272.jpg,w_694a615
54fa760c1.jpg,w_c01c1f4
926e27217.jpg,w_b30acf8
5ec57fc1a.jpg,w_60a54be
7c18a9f7a.jpg,w_de8def8
d87476d78.jpg,w_a4d7e8f
1d22f7b5d.jpg,w_560305a
3270962da.jpg,w_2f0416b
29fc51505.jpg,w_1d532b4
d94f02df8.jpg,w_c1efffb
02beb151f.jpg,w_83869d3
4dbdd08b8.jpg,w_d236b51
4e042ba02.jpg,w_0ffa15f
2bdfe0352.jpg,w_29c88c2
26d50408d.jpg,w_2df37cc
981e6e420.jpg,w_776f336
a37de380c.jpg,w_d5d084c
91c9e4cc1.jpg,w_01f14e1
8c50ecf42.jpg,w_0135f5f
89993908b.jpg,w_614b549
40cb8db0b.jpg,w_8b83220
4a9ad3167.jpg,w_456646a
65c1c4693.jpg,w_7d09141
508567283.jpg,w_609529a
1adc0b88b.jpg,w_6ca173f
84253bfed.jpg,w_9b5109b
8cc81d604.jpg,w_19f507e
de28d0b28.jpg,w_f70c302
771c98d56.jpg,w_8ea9f68
b41bed9da.jpg,w_9bd2794
5271b2ccd.jpg,w_b3ca4b7
432e8fffb.jpg,w_ead1f5a
a1e13fa23.jpg,w_36828b8
5e61ae924.jpg,w_15a9ec1
5e64b698c.jpg,w_f864358
f491dfc21.jpg,w_20950a9
14c5eb662.jpg,w_025911c
077ab7826.jpg,w_b4e9da5
54a8cc32c.jpg,w_9e5854c
562e97ded.jpg,w_e2372d6
de075dc98.jpg,w_e1f57e7
24813b7b9.jpg,w_584e1dc
885f134b9.jpg,w_d588ecb
608d8dc4d.jpg,w_b8a02a2
e2c2ee9eb.jpg,w_446a02d
c333d5c93.jpg,w_8b8ef96
ae39a1982.jpg,w_74c924a
62e10c4f1.jpg,w_8e63d5c
92b27fef6.jpg,w_76b8e6f
43a4ed71f.jpg,w_8d09425
da42c1c6a.jpg,w_84308d6
1b6b19422.jpg,w_fa8c44c
415119003.jpg,w_4a01f24
27a739ce4.jpg,w_7d296e9
d9203db3e.jpg,w_a7067d1
3ddd362df.jpg,w_ddc5518
695358817.jpg,w_b805777
44d1d0559.jpg,w_0bd2e46
776e67327.jpg,w_dc662ea
730f39597.jpg,w_351a377
cccc59658.jpg,w_6b25530
87a947c58.jpg,w_e6325d7
61c3a7203.jpg,w_95f78f6
3d69db5d3.jpg,w_733f661
dc8985c02.jpg,w_a4826eb
b0b62d888.jpg,w_29a8580
5c5e91098.jpg,w_d8cb231
75a4955c9.jpg,w_6339d14
44d4264a8.jpg,w_511b9b5
6f40a2433.jpg,w_9438119
415df5ca0.jpg,w_1c63738
36fc5c7db.jpg,w_059d9e0
f93cc45f3.jpg,w_07125ed
590b15e56.jpg,w_5d6ba39
680f49306.jpg,w_685115a
ce947ee92.jpg,w_8a1b71c
071a5aefa.jpg,w_4b4f9b7
49eed80e2.jpg,w_13ae3d4
081166e03.jpg,w_2c3768d
6ddcdb6b0.jpg,w_2aaa3b5
5a4d26590.jpg,w_15fb899
991cfe52c.jpg,w_9ad3551
dcfbd734e.jpg,w_d066c0a
4aab63d9a.jpg,w_6e55e73
3ff8e6bd6.jpg,w_0118bab
0c97e2a88.jpg,w_5665c80
32d416ea7.jpg,w_abba153
8774b7fe0.jpg,w_f9b13d2
046e37901.jpg,w_f19aeb4
a6807e849.jpg,w_1b3c3a4
3be1928f8.jpg,w_04713fd
847684c0a.jpg,w_ac51301
960babe6f.jpg,w_1c47899
649496694.jpg,w_7e51d7b
5e94e246f.jpg,w_c875e45
1855dac14.jpg,w_910831a
c1db7b696.jpg,w_a6067a9
d810d0079.jpg,w_2a7f00f
c54c0391a.jpg,w_2d1d67a
c4528afa5.jpg,w_b1b2f0f
1e6555ae4.jpg,w_a053e56
c7a7d543a.jpg,w_e0d3a78
9b3f68c97.jpg,w_722a04a
e66a81eca.jpg,w_5585ecf
66710a6a9.jpg,w_325f8d2
3464f875a.jpg,w_4460861
83336c385.jpg,w_5157259
4bb9c9727.jpg,w_00f340d
c48bb3cbf.jpg,w_00904a7
6744ae154.jpg,w_4fa0ba1
b3837614d.jpg,w_22d96e7
8f780c28f.jpg,w_5ac8fc1
19d511064.jpg,w_494c72d
2aab8d75c.jpg,w_2cabd62
0050ef29d.jpg,w_2ba6978
88a44e63b.jpg,w_da16ee8
5e6586d42.jpg,w_58f3fd4
5ad9b205f.jpg,w_4274db3
6bdd48d25.jpg,w_bf7c89a
b203e51e9.jpg,w_e34ff4a
839bcf4fb.jpg,w_cb4d3ed
72014896d.jpg,w_99e4fe2
a741dc07c.jpg,w_85923bb
47ff99e22.jpg,w_3b15259
ba647df36.jpg,w_62b631e
0d4a83f0d.jpg,w_f35e494
b4f39fea3.jpg,w_371d32d
9a8f6c5a0.jpg,w_7330627
a828d3524.jpg,w_0ad0f5b
b94df08b4.jpg,w_7d458aa
1222fa72b.jpg,w_d77337e
3b270ad0b.jpg,w_3108dce
2c72d3a8a.jpg,w_1df2383
2b4bd571b.jpg,w_4167fbb
f6f78039f.jpg,w_94a7669
cfd5c9286.jpg,w_56cb095
777ab7ad2.jpg,w_51e7506
eeef839d1.jpg,w_64055b4
624f58974.jpg,w_5c6bd71
6e0d232b0.jpg,w_4adc1c0
f940213d6.jpg,w_e3582ac
e88aa4c43.jpg,w_c27e664
4cb092141.jpg,w_72e3fa4
8fb0f44ff.jpg,w_9143ee7
89691086c.jpg,w_596f6bc
a0db68f94.jpg,w_d14059c
60f2b8f11.jpg,w_f7cb97d
6f8798a7f.jpg,w_0a8e080
040270cba.jpg,w_daeba33
b91d2d0b1.jpg,w_18934ab
b2139b5b2.jpg,w_aaf3463
63f8e0a8e.jpg,w_e936b45
77f8f466f.jpg,w_6f22173
496ceba9a.jpg,w_9b16b48
49b551eb5.jpg,w_c566a3d
be89167b4.jpg,w_e79b4d0
72c3ce75c.jpg,w_a5e6557
ed306a531.jpg,w_72f3685
4e4b0650f.jpg,w_9aa9809
89d28407e.jpg,w_32eac70
8aa168355.jpg,w_b38d36d
695272a69.jpg,w_f4980e2
76c6cd1b1.jpg,w_dea40e2
5389be923.jpg,w_06e4776
b4f99e188.jpg,w_ab44c81
109e111c7.jpg,w_9142b9c
55660bd90.jpg,w_9b1d3d5
29941960e.jpg,w_9a5bb2d
55062e2ad.jpg,w_c16cb2c
55bf65e82.jpg,w_cc09685
69604c947.jpg,w_1ff168e
b18b1bafc.jpg,w_8b3a8b3
2243848d9.jpg,w_d0728b9
384e301c8.jpg,w_25f1a4e
9d6619322.jpg,w_a4ac5dd
b927f9413.jpg,w_7ff9682
81d540175.jpg,w_927f345
f4fc93048.jpg,w_03e3e5e
e70aff3bc.jpg,w_08630fd
45de34e96.jpg,w_a386d0b
63b07d828.jpg,w_c2a1bc4
d47b091ce.jpg,w_8103832
394f0c431.jpg,w_14e1334
0c6ad5be9.jpg,w_7087c88
f1e61df39.jpg,w_c6d75ff
1e7a69eb8.jpg,w_ed29ffe
cbe8bcbde.jpg,w_f66ec54
6f9a14d8e.jpg,w_811c3a3
4d2d63399.jpg,w_44a3ca5
41d801432.jpg,w_5a3cd6d
42227afa6.jpg,w_177d88e
30dcc647d.jpg,w_45e2fc0
1c565ff94.jpg,w_7830b52
2a68af5ef.jpg,w_8d76b75
cc262c705.jpg,w_0b356c2
284eeaa0f.jpg,w_2d7c2dd
8e0ad6998.jpg,w_5d3f521
5b68d52b4.jpg,w_2c3c217
86b582331.jpg,w_c751a77
0dcfd05bf.jpg,w_2694603
63884cd7c.jpg,w_7a8ce16
cae3463db.jpg,w_d945006
20601c5bf.jpg,w_e8c45dd
4e2cf9e48.jpg,w_997cda5
450c92692.jpg,w_9b99992
fff9002e0.jpg,w_bd1c3d5
c4bbdfd12.jpg,w_ea520df
44f33cf73.jpg,w_8e3a722
3ce0c2d5c.jpg,w_6452aca
86da351a3.jpg,w_265ac62
585fe567f.jpg,w_b7dbec2
9e1e3cea4.jpg,w_60ce6fc
75ac2a9ae.jpg,w_5d06edd
ca4a8c578.jpg,w_b9d5945
2aecf15e2.jpg,w_9ba4a9a
462d16b04.jpg,w_e4d305b
cdf47ca54.jpg,w_71d5ba2
1fb08207c.jpg,w_e27bbf6
18eb4d223.jpg,w_4c0a2c9
29163ad0b.jpg,w_0b398b2
8cd78e85e.jpg,w_87d3b93
1eb8eff24.jpg,w_2424e82
644a37c7f.jpg,w_decafbd
aaf564e89.jpg,w_5ae026a
c00ca3dff.jpg,w_3bd976e
24c21121e.jpg,w_a933a19
64bd74761.jpg,w_3feca90
4d6d63d92.jpg,w_cc93694
fb5a07051.jpg,w_e2e7384
c09a99762.jpg,w_c6c60c8
3d5b9c71a.jpg,w_b1d49c5
b8d682bb8.jpg,w_d494351
73f820cc9.jpg,w_c70fbcd
9b8a7766b.jpg,w_69ce621
92e0eb391.jpg,w_ae32f8b
831745eab.jpg,w_990921b
3332b245e.jpg,w_03670aa
4aca6b86d.jpg,w_896b139
da5c4ee12.jpg,w_b72cdc1
890790066.jpg,w_f3f23d6
41ca7dcb8.jpg,w_e2e33b2
394feba2f.jpg,w_d573a68
49217aba0.jpg,w_d602efb
c4e02641e.jpg,w_d907b6c
2a14223da.jpg,w_cad4b47
df35a21a2.jpg,w_4135cb8
46afa36d8.jpg,w_1344da3
d8e0fda68.jpg,w_84dc8cd
8ba8cfc2b.jpg,w_b9131da
9aac9ad88.jpg,w_ce72e73
42f60d8c9.jpg,w_bb4f52e
2042b43d0.jpg,w_8cad422
5e2572252.jpg,w_1afed1e
49c517120.jpg,w_2f350be
2285bd8a2.jpg,w_29e87c9
5b6e89935.jpg,w_de1dc14
3b0e79690.jpg,w_d52a837
cf63468c9.jpg,w_6f7667a
7642be67b.jpg,w_5877e51
1995f6215.jpg,w_971d191
0c8cdd8ca.jpg,w_abfccb7
c727ce148.jpg,w_c8d5ad5
8087f2535.jpg,w_9a9a2c8
001c1ac5f.jpg,w_a6f9d33
70caf0797.jpg,w_d007a72
82361bea7.jpg,w_6908715
cdac67479.jpg,w_4888003
9d22f3f09.jpg,w_042b547
176221f60.jpg,w_f2e561e
7ef290445.jpg,w_d603939
18f41137a.jpg,w_68bb40f
2d75a2070.jpg,w_a5c74f4
0eccbfc78.jpg,w_0f0f15c
7bb53b3ae.jpg,w_e5c28c9
131686ded.jpg,w_8b943ef
426a79122.jpg,w_b9ee9d1
c1fe3bc07.jpg,w_50c4067
db3e76275.jpg,w_c55c51d
9fcd6e04d.jpg,w_1c6465a
b6b54345d.jpg,w_e096f02
00a3dd76f.jpg,w_c7cda47
5b560afd7.jpg,w_55a34c7
8ac4becc8.jpg,w_8c959a6
a58c5f2e7.jpg,w_72c56cc
3bd1e469d.jpg,w_afe2b56
f1cd2deb1.jpg,w_a6a1bea
95deb0866.jpg,w_5303b20
32318c344.jpg,w_67f670e
72ca152f3.jpg,w_470be90
fd6eca8de.jpg,w_728c615
13465cf7e.jpg,w_bef0a5d
64ddd336d.jpg,w_7c1435e
439754174.jpg,w_bdded04
5bb40f99a.jpg,w_102821e
fea2fc401.jpg,w_972e51e
2529525db.jpg,w_f64d347
9a791a877.jpg,w_a1a4bb2
4c3327da0.jpg,w_3128adb
34cee043a.jpg,w_62bedea
abbcc505e.jpg,w_a6eaf8d
39b810909.jpg,w_2ed0acc
1822b7c68.jpg,w_7a61cb2
6778a1060.jpg,w_5831e13
02bce1dd2.jpg,w_e47e686
1edb31a35.jpg,w_ca7089b
941794259.jpg,w_e918d4c
14c64718f.jpg,w_6cb7724
2cc404919.jpg,w_ea4a7db
3114ef6d5.jpg,w_0745b0e
7e0fa3746.jpg,w_7069d70
f708d0ee6.jpg,w_cbd5013
8cb442ee3.jpg,w_0887d9b
3bd78815f.jpg,w_f8746c3
4745ff776.jpg,w_ff5fc91
4372098f2.jpg,w_0815d2c
0073118da.jpg,w_3881f28
c44ad6e61.jpg,w_38c6a8d
1bef9ce28.jpg,w_193f83c
5d9fc5b53.jpg,w_e32ad9c
97079398e.jpg,w_4f9c015
a59e9656c.jpg,w_43f3361
a8e815598.jpg,w_07cc9c2
08cb9d189.jpg,w_fc0cb69
e41ef1ac3.jpg,w_abd456f
3ded288e0.jpg,w_8778b22
20b423db2.jpg,w_cbda0d3
71ef5b73c.jpg,w_d6553ba
159756873.jpg,w_9353e7c
c13921066.jpg,w_0a8d318
a550e5ba4.jpg,w_b04e97f
9f9274d7a.jpg,w_310a94d
2890196a3.jpg,w_9d59be4
63440c7ba.jpg,w_1419d90
9d9838b0d.jpg,w_61cbbc3
61807d397.jpg,w_eb13108
ab63d9842.jpg,w_62e5aa0
593653ce3.jpg,w_6dbfd7a
00b92e9bf.jpg,w_4e1e04d
480fd6573.jpg,w_73bfe11
3428bb03f.jpg,w_e08506c
91ab57c20.jpg,w_ac910d6
6661b8ebe.jpg,w_8beb9f1
5d74d33ae.jpg,w_9c89384
8d518b019.jpg,w_492d9c5
5ea7915c6.jpg,w_b2e75dc
fb9b38894.jpg,w_bb2cbcf
8ebdece1e.jpg,w_550dd10
0dee817aa.jpg,w_416168a
b58988a20.jpg,w_a0534e5
182d5e290.jpg,w_c84b36b
024a7136d.jpg,w_e04d084
233ed96d7.jpg,w_5b262f1
2cdd8f140.jpg,w_c8e2df4
74d6a0e9d.jpg,w_bf2b915
4facdfef6.jpg,w_16df050
943b6fdf6.jpg,w_4b1a9b1
75658dde3.jpg,w_1029215
bd57cb3a4.jpg,w_b7b0ad7
6650aaa8b.jpg,w_efbdcbc
243452737.jpg,w_8a35001
5b493a043.jpg,w_9712235
1ddec56e7.jpg,w_0277a07
89056eba7.jpg,w_6cec90c
34cf7fc8a.jpg,w_715c34b
72c59bb53.jpg,w_27272a5
639d8a2bd.jpg,w_efa100e
d3ddd542c.jpg,w_a94396f
17831d0f0.jpg,w_f0663e5
2f17f11f8.jpg,w_305456a
83e83e143.jpg,w_13c715a
166d3546a.jpg,w_cfae8d8
4a1589ba2.jpg,w_a10e633
1f2f6a651.jpg,w_586abcf
4ccd2da4f.jpg,w_c6d918a
760ce9c33.jpg,w_aabdf8c
38b21b86b.jpg,w_da15b9b
74cadb412.jpg,w_3216236
0dee28b21.jpg,w_1666216
0139248b7.jpg,w_8a71ca4
7da826c40.jpg,w_fa4034b
bd00e4466.jpg,w_3346f4e
